,Close
0,1387.9
1,1388.4
2,1389.0
3,1388.9
4,1390.8
5,1391.9
6,1391.1
7,1391.3
8,1390.0
9,1390.0
10,1391.0
11,1389.2
12,1389.1
13,1388.7
14,1389.5
15,1389.7
16,1391.5
17,1392.6
18,1394.3
19,1392.9
20,1393.4
21,1394.7
22,1394.7
23,1394.6
24,1394.3
25,1394.9
26,1395.3
27,1395.0
28,1395.4
29,1394.6
30,1394.8
31,1394.7
32,1394.4
33,1395.8
34,1394.6
35,1394.9
36,1395.6
37,1395.4
38,1394.0
39,1392.1
40,1392.9
41,1391.8
42,1392.6
43,1392.8
44,1395.4
45,1397.0
46,1397.5
47,1399.0
48,1400.6
49,1402.2
50,1401.8
51,1402.2
52,1400.7
53,1399.6
54,1400.6
55,1402.0
56,1400.7
57,1401.7
58,1401.3
59,1401.4
60,1401.0
61,1400.5
62,1400.3
63,1400.3
64,1400.3
65,1401.8
66,1402.6
67,1402.1
68,1402.1
69,1401.6
70,1402.2
71,1402.3
72,1402.4
73,1401.5
74,1401.8
75,1403.7
76,1403.8
77,1403.0
78,1403.4
79,1403.0
80,1403.6
81,1404.4
82,1404.8
83,1403.3
84,1403.4
85,1403.5
86,1403.3
87,1401.4
88,1402.0
89,1401.9
90,1402.0
91,1400.2
92,1401.1
93,1400.2
94,1400.8
95,1399.7
96,1400.0
97,1400.0
98,1400.6
99,1399.5
100,1399.9
101,1400.3
102,1400.3
103,1400.2
104,1400.4
105,1401.2
106,1401.9
107,1402.6
108,1402.2
109,1401.8
110,1401.5
111,1401.2
112,1400.3
113,1399.7
114,1400.3
115,1401.4
116,1400.8
117,1400.6
118,1398.6
119,1399.8
120,1399.4
121,1400.1
122,1399.2
123,1395.2
124,1396.7
125,1397.0
126,1397.5
127,1397.5
128,1398.0
129,1399.0
130,1399.6
131,1399.0
132,1399.1
133,1398.0
134,1398.1
135,1397.7
136,1398.7
137,1397.7
138,1398.0
139,1397.9
140,1397.2
141,1396.9
142,1397.8
143,1397.5
144,1396.2
145,1397.2
146,1396.3
147,1396.5
148,1396.5
149,1395.0
150,1396.0
151,1395.8
152,1396.0
153,1397.5
154,1398.5
155,1397.8
156,1398.7
157,1398.7
158,1399.1
159,1398.7
160,1398.4
161,1398.1
162,1397.1
163,1398.2
164,1397.8
165,1398.4
166,1398.3
167,1398.4
168,1399.0
169,1399.3
170,1400.1
171,1400.4
172,1400.5
173,1400.2
174,1400.5
175,1400.3
176,1400.1
177,1400.6
178,1400.9
179,1400.0
180,1400.6
181,1400.7
182,1400.7
183,1400.5
184,1400.1
185,1400.3
186,1400.8
187,1400.8
188,1400.9
189,1401.0
190,1401.6
191,1401.5
192,1401.3
193,1400.9
194,1401.9
195,1402.0
196,1403.8
197,1403.5
198,1402.2
199,1401.4
200,1400.4
201,1400.5
202,1401.3
203,1400.7
204,1400.2
205,1400.2
206,1400.7
207,1400.2
208,1398.6
209,1400.6
210,1400.7
211,1400.5
212,1401.3
213,1401.1
214,1400.4
215,1400.6
216,1400.8
217,1400.8
218,1401.2
219,1401.5
220,1401.5
221,1400.8
222,1400.8
223,1400.7
224,1399.9
225,1400.0
226,1399.9
227,1399.8
228,1398.9
229,1399.3
230,1400.5
231,1400.3
232,1400.6
233,1400.8
234,1400.2
235,1400.1
236,1400.3
237,1401.1
238,1401.0
239,1400.4
240,1400.4
241,1400.7
242,1401.0
243,1400.5
244,1400.4
245,1400.5
246,1400.7
247,1401.2
248,1401.2
249,1401.3
250,1402.4
251,1403.2
252,1403.5
253,1403.2
254,1403.9
255,1402.9
256,1403.7
257,1404.1
258,1403.5
259,1402.7
260,1402.8
261,1402.8
262,1402.9
263,1399.8
264,1400.9
265,1401.4
266,1401.4
267,1401.7
268,1401.9
269,1402.4
270,1402.3
271,1402.7
272,1401.7
273,1401.7
274,1402.0
275,1401.6
276,1401.3
277,1400.7
278,1399.9
279,1400.5
280,1400.1
281,1400.2
282,1399.9
283,1399.7
284,1399.5
285,1400.2
286,1400.4
287,1399.8
288,1400.3
289,1400.1
290,1399.9
291,1399.8
292,1399.4
293,1398.9
294,1399.5
295,1399.5
296,1400.0
297,1400.2
298,1399.2
299,1399.7
300,1400.0
301,1400.1
302,1400.3
303,1400.5
304,1400.5
305,1400.9
306,1400.7
307,1400.1
308,1400.2
309,1399.9
310,1400.0
311,1400.1
312,1400.0
313,1399.7
314,1400.3
315,1400.3
316,1401.0
317,1400.1
318,1401.9
319,1401.4
320,1402.0
321,1401.8
322,1401.3
323,1397.8
324,1399.6
325,1399.2
326,1398.9
327,1398.6
328,1398.7
329,1400.0
330,1400.0
331,1399.8
332,1400.5
333,1400.8
334,1400.9
335,1400.8
336,1400.8
337,1400.5
338,1400.3
339,1400.3
340,1398.4
341,1398.8
342,1398.7
343,1399.0
344,1399.3
345,1397.3
346,1398.1
347,1397.6
348,1396.8
349,1396.1
350,1394.5
351,1393.6
352,1393.6
353,1391.6
354,1391.5
355,1391.5
356,1391.0
357,1392.1
358,1391.7
359,1392.1
360,1392.0
361,1391.9
362,1392.6
363,1393.4
364,1393.5
365,1392.9
366,1393.3
367,1394.2
368,1394.8
369,1394.9
370,1394.0
371,1392.1
372,1392.6
373,1393.9
374,1394.1
375,1394.1
376,1393.7
377,1393.7
378,1393.7
379,1393.7
380,1393.7
381,1393.7
382,1393.7
383,1393.7
384,1393.7
385,1393.7
386,1397.3
387,1398.6
388,1400.4
389,1401.9
390,1404.3
391,1404.0
392,1403.4
393,1403.5
394,1404.5
395,1404.2
396,1405.6
397,1405.0
398,1403.5
399,1404.4
400,1404.2
401,1404.9
402,1404.0
403,1403.0
404,1402.5
405,1402.0
406,1401.3
407,1402.3
408,1401.5
409,1402.6
410,1404.2
411,1403.3
412,1402.7
413,1405.0
414,1402.3
415,1400.8
416,1400.1
417,1399.0
418,1398.3
419,1398.2
420,1401.7
421,1403.7
422,1404.0
423,1403.7
424,1403.7
425,1403.4
426,1404.8
427,1404.5
428,1404.1
429,1404.4
430,1404.6
431,1404.8
432,1405.1
433,1405.4
434,1406.5
435,1406.8
436,1407.5
437,1406.5
438,1407.2
439,1407.2
440,1408.4
441,1408.4
442,1408.9
443,1408.0
444,1408.0
445,1408.8
446,1409.2
447,1409.4
448,1409.0
449,1409.9
450,1408.2
451,1408.8
452,1409.5
453,1409.5
454,1410.2
455,1410.7
456,1410.9
457,1410.3
458,1408.8
459,1410.3
460,1409.9
461,1411.0
462,1412.2
463,1412.0
464,1412.8
465,1412.9
466,1412.4
467,1412.2
468,1411.6
469,1411.0
470,1412.5
471,1412.6
472,1413.0
473,1414.0
474,1412.0
475,1412.3
476,1412.4
477,1412.7
478,1412.3
479,1412.1
480,1412.1
481,1411.9
482,1411.5
483,1412.0
484,1412.1
485,1412.5
486,1412.2
487,1412.4
488,1410.6
489,1411.7
490,1411.0
491,1413.1
492,1413.7
493,1413.2
494,1413.2
495,1413.3
496,1413.6
497,1414.0
498,1413.5
499,1412.6
500,1413.3
501,1413.3
502,1413.4
503,1413.5
504,1413.1
505,1413.3
506,1414.0
507,1412.7
508,1412.8
509,1412.8
510,1412.5
511,1412.8
512,1412.6
513,1413.5
514,1412.5
515,1412.6
516,1412.8
517,1412.7
518,1413.0
519,1412.5
520,1412.5
521,1413.0
522,1413.1
523,1413.0
524,1412.8
525,1412.8
526,1413.5
527,1412.5
528,1412.4
529,1409.9
530,1411.5
531,1411.3
532,1411.3
533,1412.4
534,1412.3
535,1412.3
536,1412.3
537,1411.8
538,1411.9
539,1412.2
540,1411.5
541,1412.3
542,1411.5
543,1411.7
544,1412.2
545,1412.3
546,1412.5
547,1412.6
548,1412.9
549,1412.8
550,1412.8
551,1412.5
552,1412.5
553,1412.5
554,1412.2
555,1412.8
556,1413.0
557,1412.8
558,1413.0
559,1412.7
560,1412.7
561,1413.2
562,1413.4
563,1413.6
564,1413.7
565,1414.1
566,1413.7
567,1414.4
568,1414.7
569,1414.2
570,1414.8
571,1415.0
572,1414.8
573,1414.2
574,1414.4
575,1413.0
576,1414.1
577,1414.4
578,1414.5
579,1414.8
580,1414.3
581,1414.6
582,1414.7
583,1414.7
584,1415.8
585,1415.3
586,1415.8
587,1415.5
588,1415.6
589,1415.6
590,1415.6
591,1415.9
592,1415.7
593,1414.8
594,1414.9
595,1414.8
596,1415.4
597,1414.5
598,1414.2
599,1413.4
600,1413.8
601,1413.6
602,1414.1
603,1413.6
604,1413.4
605,1412.8
606,1412.9
607,1413.4
608,1413.1
609,1413.0
610,1413.1
611,1414.1
612,1414.1
613,1414.7
614,1414.5
615,1413.4
616,1414.0
617,1413.6
618,1413.5
619,1413.2
620,1413.7
621,1413.2
622,1413.4
623,1413.5
624,1413.2
625,1412.8
626,1413.0
627,1413.3
628,1412.6
629,1411.8
630,1412.2
631,1412.2
632,1412.2
633,1412.6
634,1412.7
635,1412.5
636,1412.4
637,1412.9
638,1411.3
639,1409.5
640,1411.8
641,1412.3
642,1412.1
643,1412.8
644,1413.0
645,1413.1
646,1413.5
647,1413.0
648,1413.0
649,1412.8
650,1412.8
651,1412.4
652,1412.6
653,1413.0
654,1413.2
655,1413.3
656,1413.9
657,1414.9
658,1415.0
659,1414.8
660,1414.9
661,1414.8
662,1415.2
663,1415.0
664,1414.9
665,1415.4
666,1415.1
667,1415.2
668,1415.0
669,1415.3
670,1415.1
671,1415.4
672,1415.8
673,1413.6
674,1412.1
675,1413.7
676,1414.5
677,1414.7
678,1414.5
679,1414.5
680,1415.0
681,1414.5
682,1414.6
683,1414.4
684,1414.8
685,1414.8
686,1415.1
687,1414.6
688,1414.7
689,1414.9
690,1414.9
691,1414.5
692,1415.0
693,1413.8
694,1414.8
695,1414.4
696,1414.8
697,1414.1
698,1414.7
699,1414.6
700,1414.7
701,1414.3
702,1414.7
703,1414.6
704,1414.4
705,1414.2
706,1412.6
707,1412.2
708,1411.4
709,1410.9
710,1412.0
711,1412.4
712,1412.7
713,1412.5
714,1413.0
715,1411.3
716,1409.8
717,1411.6
718,1412.4
719,1413.3
720,1412.7
721,1412.6
722,1413.8
723,1412.9
724,1413.1
725,1413.8
726,1413.9
727,1413.7
728,1413.4
729,1413.8
730,1414.0
731,1412.2
732,1411.9
733,1411.8
734,1411.6
735,1411.9
736,1411.7
737,1411.7
738,1411.6
739,1411.7
740,1411.6
741,1411.8
742,1410.7
743,1410.5
744,1410.6
745,1410.9
746,1411.2
747,1411.7
748,1410.9
749,1410.8
750,1410.9
751,1410.9
752,1411.0
753,1411.0
754,1412.0
755,1412.0
756,1411.0
757,1411.3
758,1411.7
759,1411.7
760,1410.4
761,1411.5
762,1411.5
763,1411.5
764,1411.5
765,1411.5
766,1411.5
767,1411.5
768,1411.5
769,1411.5
770,1411.5
771,1411.5
772,1411.5
773,1411.5
774,1411.5
775,1411.5
776,1411.5
777,1411.5
778,1406.1
779,1403.9
780,1405.0
781,1402.9
782,1400.8
783,1401.4
784,1403.2
785,1402.9
786,1403.5
787,1402.5
788,1402.6
789,1401.9
790,1403.0
791,1402.9
792,1400.9
793,1401.4
794,1400.7
795,1401.0
796,1402.6
797,1403.1
798,1403.3
799,1401.6
800,1400.9
801,1400.3
802,1399.6
803,1397.7
804,1399.4
805,1400.4
806,1400.7
807,1400.6
808,1398.9
809,1399.5
810,1398.2
811,1399.0
812,1399.1
813,1399.2
814,1399.0
815,1398.6
816,1398.6
817,1398.3
818,1398.4
819,1398.4
820,1398.3
821,1397.7
822,1398.1
823,1397.7
824,1397.4
825,1397.4
826,1398.3
827,1398.4
828,1398.6
829,1399.6
830,1398.5
831,1398.9
832,1399.2
833,1398.6
834,1398.1
835,1398.3
836,1396.7
837,1397.2
838,1397.5
839,1397.7
840,1397.7
841,1397.5
842,1397.7
843,1397.5
844,1397.1
845,1397.6
846,1398.0
847,1397.7
848,1397.6
849,1399.8
850,1399.0
851,1398.9
852,1399.1
853,1398.4
854,1397.8
855,1397.3
856,1398.0
857,1397.8
858,1397.7
859,1398.0
860,1398.1
861,1398.6
862,1398.0
863,1396.9
864,1397.2
865,1396.7
866,1396.2
867,1396.6
868,1396.1
869,1395.8
870,1395.6
871,1395.8
872,1395.2
873,1396.5
874,1396.3
875,1396.6
876,1396.1
877,1397.0
878,1396.9
879,1396.4
880,1396.6
881,1396.6
882,1396.8
883,1396.0
884,1396.2
885,1396.7
886,1396.4
887,1396.5
888,1395.5
889,1396.1
890,1395.6
891,1395.8
892,1395.7
893,1395.4
894,1396.2
895,1396.2
896,1397.3
897,1397.5
898,1397.5
899,1397.9
900,1398.2
901,1398.1
902,1398.2
903,1396.3
904,1396.1
905,1396.3
906,1396.8
907,1396.5
908,1397.2
909,1397.3
910,1397.2
911,1397.1
912,1396.3
913,1396.3
914,1395.9
915,1396.0
916,1396.0
917,1396.0
918,1396.0
919,1396.1
920,1396.7
921,1397.1
922,1396.8
923,1396.0
924,1396.4
925,1396.0
926,1395.7
927,1395.6
928,1395.6
929,1395.3
930,1395.4
931,1395.3
932,1395.4
933,1395.7
934,1395.8
935,1396.0
936,1395.3
937,1395.2
938,1395.0
939,1394.5
940,1394.2
941,1394.4
942,1394.6
943,1393.3
944,1393.6
945,1393.6
946,1393.7
947,1393.7
948,1393.2
949,1393.2
950,1393.4
951,1393.5
952,1393.2
953,1394.2
954,1395.6
955,1395.9
956,1396.4
957,1396.4
958,1396.0
959,1396.0
960,1396.1
961,1396.1
962,1395.2
963,1395.3
964,1395.2
965,1395.3
966,1395.3
967,1395.6
968,1395.1
969,1395.0
970,1395.2
971,1395.1
972,1395.0
973,1395.0
974,1394.1
975,1393.7
976,1393.8
977,1394.2
978,1394.6
979,1394.8
980,1394.7
981,1395.7
982,1395.8
983,1395.7
984,1395.9
985,1396.4
986,1395.9
987,1395.8
988,1395.1
989,1395.1
990,1395.1
991,1395.0
992,1394.5
993,1394.0
994,1394.0
995,1394.1
996,1394.0
997,1393.7
998,1394.4
999,1393.9
1000,1393.8
1001,1393.9
1002,1393.9
1003,1393.9
1004,1393.5
1005,1394.0
1006,1394.1
1007,1393.1
1008,1392.6
1009,1392.4
1010,1392.8
1011,1392.6
1012,1392.6
1013,1393.1
1014,1391.6
1015,1392.3
1016,1392.2
1017,1392.2
1018,1392.1
1019,1392.1
1020,1391.5
1021,1392.4
1022,1391.7
1023,1391.6
1024,1391.3
1025,1391.4
1026,1390.5
1027,1390.7
1028,1389.9
1029,1389.9
1030,1390.8
1031,1391.0
1032,1390.6
1033,1390.0
1034,1389.6
1035,1389.8
1036,1390.2
1037,1390.1
1038,1390.1
1039,1390.8
1040,1391.0
1041,1391.0
1042,1391.3
1043,1391.4
1044,1391.4
1045,1391.4
1046,1391.6
1047,1391.2
1048,1391.4
1049,1391.1
1050,1391.2
1051,1391.4
1052,1391.4
1053,1391.3
1054,1391.1
1055,1391.1
1056,1391.1
1057,1391.4
1058,1391.4
1059,1391.5
1060,1391.2
1061,1391.8
1062,1391.5
1063,1391.3
1064,1391.2
1065,1391.3
1066,1391.2
1067,1391.0
1068,1391.5
1069,1390.7
1070,1390.6
1071,1390.6
1072,1391.0
1073,1391.4
1074,1390.8
1075,1391.0
1076,1390.7
1077,1390.6
1078,1390.5
1079,1390.4
1080,1390.3
1081,1390.7
1082,1390.8
1083,1390.6
1084,1390.7
1085,1390.7
1086,1390.7
1087,1389.9
1088,1389.9
1089,1389.8
1090,1390.0
1091,1390.8
1092,1390.9
1093,1390.9
1094,1390.8
1095,1391.1
1096,1389.6
1097,1389.7
1098,1389.8
1099,1390.6
1100,1391.4
1101,1392.1
1102,1391.7
1103,1391.4
1104,1391.0
1105,1391.0
1106,1390.8
1107,1391.0
1108,1391.4
1109,1390.8
1110,1390.1
1111,1388.6
1112,1388.6
1113,1388.8
1114,1389.6
1115,1390.1
1116,1390.4
1117,1390.6
1118,1390.5
1119,1390.8
1120,1391.2
1121,1390.7
1122,1390.7
1123,1390.5
1124,1390.2
1125,1390.2
1126,1390.6
1127,1390.9
1128,1391.3
1129,1392.2
1130,1391.4
1131,1391.9
1132,1393.2
1133,1392.9
1134,1392.1
1135,1392.8
1136,1392.9
1137,1393.1
1138,1391.4
1139,1389.8
1140,1392.2
1141,1391.6
1142,1391.1
1143,1392.8
1144,1392.8
1145,1393.0
1146,1393.3
1147,1391.9
1148,1391.0
1149,1390.9
1150,1390.2
1151,1388.7
1152,1390.0
1153,1391.7
1154,1391.7
1155,1391.7
1156,1391.7
1157,1391.7
1158,1391.7
1159,1391.7
1160,1391.7
1161,1391.7
1162,1391.7
1163,1391.7
1164,1391.7
1165,1391.7
1166,1391.7
1167,1391.7
1168,1391.7
1169,1391.7
1170,1389.1
1171,1388.0
1172,1390.6
1173,1391.0
1174,1391.5
1175,1390.1
1176,1388.6
1177,1388.2
1178,1388.5
1179,1388.8
1180,1389.0
1181,1389.0
1182,1388.1
1183,1388.9
1184,1389.3
1185,1389.3
1186,1388.9
1187,1389.2
1188,1388.4
1189,1388.3
1190,1386.6
1191,1386.0
1192,1385.5
1193,1385.0
1194,1384.2
1195,1384.9
1196,1385.5
1197,1384.7
1198,1385.1
1199,1384.2
1200,1385.5
1201,1384.9
1202,1386.9
1203,1386.7
1204,1385.6
1205,1385.8
1206,1386.7
1207,1387.5
1208,1387.6
1209,1386.6
1210,1386.3
1211,1385.5
1212,1385.6
1213,1386.2
1214,1385.6
1215,1386.8
1216,1386.7
1217,1387.2
1218,1385.8
1219,1386.6
1220,1387.6
1221,1387.9
1222,1387.6
1223,1388.3
1224,1388.3
1225,1388.0
1226,1388.6
1227,1388.6
1228,1388.7
1229,1389.6
1230,1389.5
1231,1389.9
1232,1390.0
1233,1390.0
1234,1390.5
1235,1390.8
1236,1391.3
1237,1393.0
1238,1391.8
1239,1391.7
1240,1391.4
1241,1389.7
1242,1390.0
1243,1390.1
1244,1390.0
1245,1390.5
1246,1390.5
1247,1391.0
1248,1391.5
1249,1390.6
1250,1388.9
1251,1388.7
1252,1388.9
1253,1389.0
1254,1388.3
1255,1388.9
1256,1388.8
1257,1389.5
1258,1388.9
1259,1388.3
1260,1387.6
1261,1387.7
1262,1387.8
1263,1387.8
1264,1387.6
1265,1387.8
1266,1387.8
1267,1387.9
1268,1387.4
1269,1387.3
1270,1387.4
1271,1387.3
1272,1387.9
1273,1387.6
1274,1388.3
1275,1389.7
1276,1389.2
1277,1389.5
1278,1389.5
1279,1389.7
1280,1389.7
1281,1389.6
1282,1389.6
1283,1390.0
1284,1390.0
1285,1390.1
1286,1390.0
1287,1390.0
1288,1390.1
1289,1390.0
1290,1390.0
1291,1389.5
1292,1389.7
1293,1389.8
1294,1389.8
1295,1390.0
1296,1391.3
1297,1391.3
1298,1391.4
1299,1391.7
1300,1391.1
1301,1390.4
1302,1390.8
1303,1391.8
1304,1392.8
1305,1392.2
1306,1391.7
1307,1391.6
1308,1391.7
1309,1391.9
1310,1392.5
1311,1392.6
1312,1392.7
1313,1393.6
1314,1392.7
1315,1392.8
1316,1392.8
1317,1391.6
1318,1390.7
1319,1391.4
1320,1390.9
1321,1390.9
1322,1390.9
1323,1391.4
1324,1391.4
1325,1391.4
1326,1391.6
1327,1391.3
1328,1390.9
1329,1391.2
1330,1391.3
1331,1391.8
1332,1391.2
1333,1389.4
1334,1390.8
1335,1390.7
1336,1390.9
1337,1391.0
1338,1391.5
1339,1391.4
1340,1391.0
1341,1391.0
1342,1391.2
1343,1390.5
1344,1391.4
1345,1390.9
1346,1390.8
1347,1390.8
1348,1390.9
1349,1390.9
1350,1390.9
1351,1390.8
1352,1390.6
1353,1390.8
1354,1390.8
1355,1390.8
1356,1392.7
1357,1392.6
1358,1392.8
1359,1392.7
1360,1392.9
1361,1392.9
1362,1393.0
1363,1392.7
1364,1392.5
1365,1392.2
1366,1391.7
1367,1392.1
1368,1392.1
1369,1392.3
1370,1392.4
1371,1392.1
1372,1392.0
1373,1390.9
1374,1390.5
1375,1390.4
1376,1390.6
1377,1390.6
1378,1390.5
1379,1390.7
1380,1390.8
1381,1390.6
1382,1390.8
1383,1390.5
1384,1390.2
1385,1389.9
1386,1389.2
1387,1387.6
1388,1386.9
1389,1387.8
1390,1388.2
1391,1388.4
1392,1388.6
1393,1388.9
1394,1389.3
1395,1389.4
1396,1389.8
1397,1389.8
1398,1390.0
1399,1389.6
1400,1389.0
1401,1388.9
1402,1389.0
1403,1389.0
1404,1389.0
1405,1388.9
1406,1389.3
1407,1389.9
1408,1390.0
1409,1390.8
1410,1390.8
1411,1391.4
1412,1391.8
1413,1391.5
1414,1391.0
1415,1390.8
1416,1391.0
1417,1390.9
1418,1390.8
1419,1390.6
1420,1391.0
1421,1391.0
1422,1391.0
1423,1390.0
1424,1390.0
1425,1389.9
1426,1389.8
1427,1389.7
1428,1389.2
1429,1389.5
1430,1389.1
1431,1388.8
1432,1388.8
1433,1389.0
1434,1389.0
1435,1389.4
1436,1388.9
1437,1386.6
1438,1388.3
1439,1389.2
1440,1389.1
1441,1389.5
1442,1389.0
1443,1389.4
1444,1389.1
1445,1389.1
1446,1389.4
1447,1389.6
1448,1389.3
1449,1389.3
1450,1389.5
1451,1389.4
1452,1389.9
1453,1389.9
1454,1389.6
1455,1389.7
1456,1389.8
1457,1389.6
1458,1389.3
1459,1389.5
1460,1389.7
1461,1389.8
1462,1390.2
1463,1390.2
1464,1390.3
1465,1390.0
1466,1390.2
1467,1390.2
1468,1389.9
1469,1390.0
1470,1390.2
1471,1390.6
1472,1390.9
1473,1390.9
1474,1390.8
1475,1390.9
1476,1390.9
1477,1390.9
1478,1391.7
1479,1391.8
1480,1391.7
1481,1392.8
1482,1392.4
1483,1391.8
1484,1391.9
1485,1392.0
1486,1392.1
1487,1392.0
1488,1391.8
1489,1392.4
1490,1392.5
1491,1390.7
1492,1391.1
1493,1390.7
1494,1391.5
1495,1391.1
1496,1391.0
1497,1391.6
1498,1391.6
1499,1391.8
1500,1391.7
1501,1392.7
1502,1393.4
1503,1393.5
1504,1393.0
1505,1393.2
1506,1393.6
1507,1393.8
1508,1394.0
1509,1395.1
1510,1395.5
1511,1395.7
1512,1395.7
1513,1395.0
1514,1394.5
1515,1394.4
1516,1394.5
1517,1394.6
1518,1393.0
1519,1393.1
1520,1393.0
1521,1393.0
1522,1393.6
1523,1394.6
1524,1394.6
1525,1393.1
1526,1393.0
1527,1393.0
1528,1393.1
1529,1393.0
1530,1393.0
1531,1392.3
1532,1392.1
1533,1391.1
1534,1391.1
1535,1391.2
1536,1391.6
1537,1392.5
1538,1392.6
1539,1392.5
1540,1392.6
1541,1392.6
1542,1392.9
1543,1393.4
1544,1392.9
1545,1393.0
1546,1392.8
1547,1392.8
1548,1392.8
1549,1392.8
1550,1392.8
1551,1392.8
1552,1392.8
1553,1392.8
1554,1392.8
1555,1392.8
1556,1392.8
1557,1392.8
1558,1384.0
1559,1385.7
1560,1386.6
1561,1387.4
1562,1386.5
1563,1386.8
1564,1386.2
1565,1385.4
1566,1385.6
1567,1386.2
1568,1386.3
1569,1386.4
1570,1386.6
1571,1387.5
1572,1388.6
1573,1388.6
1574,1388.4
1575,1386.9
1576,1386.1
1577,1386.0
1578,1385.8
1579,1385.1
1580,1385.2
1581,1385.7
1582,1385.1
1583,1385.3
1584,1384.7
1585,1384.8
1586,1385.0
1587,1385.1
1588,1385.0
1589,1385.8
1590,1385.5
1591,1385.8
1592,1385.5
1593,1385.6
1594,1385.3
1595,1385.7
1596,1385.7
1597,1385.2
1598,1385.0
1599,1384.5
1600,1384.8
1601,1384.2
1602,1383.8
1603,1384.0
1604,1384.3
1605,1385.7
1606,1385.2
1607,1383.7
1608,1383.9
1609,1384.2
1610,1383.7
1611,1383.0
1612,1383.6
1613,1383.6
1614,1383.8
1615,1383.7
1616,1382.5
1617,1382.3
1618,1382.9
1619,1381.6
1620,1381.5
1621,1383.0
1622,1383.1
1623,1383.0
1624,1382.9
1625,1382.8
1626,1382.8
1627,1382.7
1628,1382.5
1629,1382.3
1630,1381.7
1631,1380.6
1632,1380.0
1633,1380.0
1634,1380.0
1635,1379.7
1636,1379.7
1637,1379.3
1638,1379.3
1639,1379.3
1640,1379.4
1641,1379.6
1642,1380.1
1643,1379.6
1644,1377.8
1645,1378.2
1646,1377.8
1647,1378.4
1648,1378.0
1649,1378.6
1650,1377.9
1651,1378.1
1652,1377.5
1653,1378.0
1654,1378.0
1655,1378.2
1656,1378.5
1657,1378.5
1658,1378.9
1659,1378.7
1660,1378.9
1661,1379.4
1662,1379.1
1663,1379.0
1664,1378.4
1665,1378.5
1666,1378.6
1667,1378.9
1668,1378.4
1669,1376.5
1670,1378.0
1671,1378.5
1672,1379.1
1673,1379.4
1674,1379.5
1675,1379.0
1676,1379.1
1677,1379.5
1678,1379.0
1679,1379.3
1680,1379.5
1681,1379.2
1682,1378.9
1683,1379.0
1684,1379.4
1685,1379.8
1686,1379.5
1687,1379.8
1688,1380.2
1689,1380.7
1690,1380.3
1691,1379.1
1692,1379.5
1693,1380.1
1694,1380.2
1695,1379.8
1696,1378.8
1697,1378.7
1698,1379.2
1699,1379.0
1700,1379.0
1701,1379.5
1702,1379.8
1703,1380.3
1704,1380.0
1705,1379.4
1706,1379.6
1707,1379.7
1708,1379.8
1709,1379.5
1710,1379.4
1711,1380.0
1712,1380.1
1713,1380.0
1714,1380.0
1715,1379.9
1716,1380.0
1717,1380.6
1718,1380.3
1719,1380.6
1720,1380.3
1721,1380.8
1722,1379.4
1723,1379.3
1724,1379.6
1725,1379.8
1726,1380.7
1727,1381.0
1728,1379.9
1729,1380.0
1730,1379.8
1731,1379.6
1732,1379.5
1733,1379.9
1734,1380.0
1735,1381.3
1736,1381.6
1737,1380.4
1738,1381.2
1739,1381.4
1740,1381.2
1741,1381.1
1742,1381.1
1743,1381.1
1744,1381.3
1745,1380.6
1746,1380.4
1747,1380.5
1748,1380.5
1749,1380.0
1750,1380.6
1751,1381.0
1752,1380.7
1753,1380.9
1754,1380.2
1755,1380.1
1756,1379.9
1757,1380.1
1758,1380.7
1759,1380.9
1760,1380.8
1761,1380.7
1762,1379.9
1763,1380.0
1764,1379.9
1765,1380.0
1766,1377.7
1767,1379.0
1768,1378.9
1769,1377.8
1770,1378.4
1771,1378.0
1772,1376.1
1773,1377.4
1774,1377.3
1775,1376.5
1776,1376.6
1777,1377.1
1778,1377.1
1779,1377.1
1780,1377.3
1781,1377.7
1782,1377.5
1783,1377.4
1784,1377.1
1785,1377.2
1786,1377.6
1787,1377.2
1788,1374.0
1789,1373.4
1790,1373.4
1791,1372.1
1792,1371.4
1793,1370.8
1794,1370.2
1795,1370.4
1796,1370.7
1797,1371.4
1798,1371.9
1799,1369.9
1800,1368.9
1801,1369.0
1802,1371.1
1803,1370.5
1804,1369.1
1805,1368.6
1806,1368.5
1807,1366.0
1808,1368.4
1809,1368.2
1810,1367.8
1811,1367.7
1812,1367.4
1813,1367.7
1814,1367.9
1815,1367.9
1816,1367.8
1817,1367.8
1818,1367.8
1819,1367.5
1820,1367.4
1821,1366.8
1822,1368.7
1823,1368.1
1824,1367.5
1825,1368.7
1826,1368.4
1827,1370.1
1828,1371.0
1829,1370.8
1830,1370.9
1831,1370.9
1832,1370.8
1833,1370.7
1834,1370.9
1835,1371.7
1836,1371.7
1837,1372.0
1838,1372.5
1839,1372.1
1840,1372.8
1841,1371.8
1842,1372.9
1843,1372.6
1844,1372.7
1845,1374.4
1846,1373.9
1847,1374.1
1848,1375.4
1849,1375.2
1850,1375.8
1851,1375.8
1852,1375.9
1853,1375.8
1854,1377.0
1855,1376.5
1856,1375.5
1857,1376.5
1858,1375.7
1859,1375.9
1860,1376.9
1861,1378.4
1862,1379.1
1863,1379.8
1864,1380.0
1865,1380.8
1866,1382.3
1867,1380.2
1868,1378.8
1869,1379.2
1870,1378.7
1871,1378.1
1872,1379.3
1873,1378.5
1874,1379.7
1875,1378.0
1876,1379.0
1877,1379.7
1878,1379.4
1879,1380.7
1880,1380.9
1881,1382.1
1882,1382.3
1883,1382.5
1884,1382.8
1885,1383.1
1886,1383.3
1887,1384.0
1888,1384.5
1889,1384.8
1890,1384.0
1891,1385.9
1892,1388.8
1893,1391.3
1894,1389.1
1895,1389.8
1896,1389.5
1897,1388.8
1898,1387.0
1899,1388.0
1900,1387.0
1901,1386.2
1902,1386.7
1903,1388.0
1904,1387.8
1905,1388.4
1906,1388.2
1907,1388.9
1908,1391.6
1909,1391.0
1910,1389.3
1911,1388.2
1912,1389.2
1913,1388.9
1914,1388.6
1915,1387.7
1916,1388.4
1917,1388.1
1918,1388.8
1919,1387.9
1920,1388.7
1921,1387.9
1922,1387.9
1923,1387.6
1924,1388.0
1925,1389.3
1926,1391.9
1927,1392.5
1928,1392.1
1929,1391.8
1930,1391.9
1931,1391.3
1932,1391.0
1933,1389.4
1934,1389.4
1935,1389.4
1936,1389.4
1937,1389.4
1938,1389.4
1939,1389.4
1940,1389.4
1941,1389.4
1942,1389.4
1943,1389.4
1944,1389.4
1945,1391.3
1946,1390.6
1947,1393.1
1948,1395.9
1949,1394.4
1950,1391.8
1951,1394.3
1952,1394.6
1953,1393.7
1954,1393.6
1955,1393.5
1956,1393.6
1957,1391.7
1958,1389.7
1959,1388.4
1960,1389.3
1961,1389.9
1962,1389.5
1963,1389.2
1964,1389.4
1965,1388.6
1966,1389.5
1967,1390.0
1968,1390.5
1969,1389.9
1970,1389.8
1971,1388.5
1972,1388.1
1973,1388.5
1974,1388.0
1975,1386.9
1976,1387.4
1977,1385.8
1978,1386.2
1979,1386.0
1980,1385.4
1981,1383.9
1982,1384.0
1983,1383.1
1984,1384.0
1985,1384.6
1986,1384.4
1987,1385.3
1988,1385.3
1989,1384.7
1990,1384.0
1991,1383.2
1992,1382.7
1993,1382.4
1994,1382.0
1995,1381.9
1996,1381.8
1997,1381.6
1998,1383.1
1999,1382.7
2000,1382.4
2001,1381.8
2002,1381.7
2003,1382.8
2004,1383.3
2005,1384.0
2006,1383.8
2007,1383.8
2008,1384.0
2009,1383.7
2010,1383.0
2011,1382.8
2012,1382.6
2013,1383.9
2014,1383.0
2015,1382.1
2016,1382.7
2017,1382.7
2018,1382.7
2019,1382.5
2020,1382.6
2021,1380.3
2022,1379.5
2023,1379.8
2024,1379.1
2025,1378.7
2026,1378.7
2027,1378.4
2028,1377.4
2029,1377.4
2030,1377.1
2031,1377.9
2032,1377.3
2033,1377.0
2034,1376.7
2035,1376.1
2036,1374.5
2037,1373.1
2038,1373.5
2039,1373.3
2040,1374.4
2041,1373.8
2042,1373.8
2043,1373.8
2044,1373.0
2045,1372.7
2046,1372.6
2047,1371.5
2048,1371.8
2049,1372.5
2050,1372.0
2051,1371.7
2052,1369.8
2053,1370.8
2054,1370.4
2055,1370.8
2056,1371.0
2057,1371.3
2058,1371.8
2059,1372.7
2060,1372.2
2061,1373.3
2062,1373.1
2063,1373.9
2064,1374.1
2065,1374.3
2066,1374.7
2067,1374.8
2068,1376.0
2069,1376.3
2070,1376.9
2071,1376.3
2072,1376.1
2073,1375.1
2074,1375.8
2075,1374.8
2076,1375.8
2077,1375.4
2078,1375.5
2079,1375.2
2080,1374.9
2081,1375.3
2082,1375.4
2083,1376.2
2084,1376.0
2085,1376.4
2086,1376.4
2087,1376.2
2088,1375.0
2089,1375.3
2090,1374.5
2091,1375.2
2092,1375.0
2093,1376.1
2094,1375.9
2095,1375.6
2096,1376.3
2097,1375.8
2098,1376.4
2099,1376.5
2100,1376.5
2101,1376.8
2102,1377.0
2103,1376.3
2104,1376.9
2105,1377.4
2106,1377.3
2107,1376.8
2108,1376.0
2109,1376.8
2110,1375.3
2111,1375.0
2112,1372.6
2113,1372.7
2114,1372.2
2115,1371.8
2116,1373.1
2117,1373.8
2118,1373.9
2119,1372.2
2120,1372.7
2121,1372.4
2122,1372.6
2123,1372.4
2124,1373.2
2125,1373.5
2126,1373.5
2127,1373.1
2128,1373.4
2129,1374.0
2130,1373.4
2131,1372.9
2132,1372.6
2133,1373.0
2134,1373.1
2135,1372.3
2136,1372.9
2137,1373.7
2138,1373.1
2139,1373.9
2140,1373.7
2141,1374.0
2142,1373.9
2143,1373.4
2144,1373.3
2145,1372.5
2146,1372.8
2147,1372.5
2148,1372.0
2149,1372.0
2150,1372.0
2151,1372.0
2152,1371.8
2153,1372.0
2154,1372.1
2155,1372.1
2156,1372.6
2157,1372.9
2158,1373.5
2159,1373.4
2160,1375.4
2161,1374.8
2162,1374.9
2163,1375.9
2164,1377.2
2165,1377.5
2166,1377.5
2167,1378.0
2168,1377.1
2169,1376.5
2170,1376.3
2171,1375.8
2172,1375.9
2173,1376.2
2174,1375.5
2175,1376.5
2176,1376.3
2177,1375.2
2178,1375.3
2179,1374.9
2180,1373.7
2181,1373.8
2182,1374.6
2183,1374.1
2184,1374.3
2185,1374.6
2186,1375.8
2187,1375.9
2188,1375.6
2189,1375.1
2190,1375.9
2191,1376.4
2192,1376.0
2193,1375.5
2194,1375.9
2195,1374.9
2196,1374.8
2197,1374.6
2198,1374.4
2199,1374.0
2200,1374.0
2201,1375.2
2202,1376.1
2203,1374.9
2204,1376.2
2205,1375.3
2206,1376.2
2207,1375.8
2208,1376.0
2209,1376.5
2210,1376.2
2211,1376.2
2212,1376.5
2213,1376.4
2214,1376.5
2215,1375.8
2216,1376.0
2217,1375.0
2218,1374.5
2219,1373.9
2220,1374.8
2221,1375.0
2222,1374.5
2223,1374.5
2224,1374.5
2225,1374.9
2226,1374.8
2227,1375.0
2228,1374.8
2229,1374.7
2230,1375.6
2231,1376.0
2232,1375.3
2233,1375.3
2234,1375.1
2235,1375.1
2236,1375.0
2237,1374.1
2238,1374.0
2239,1374.4
2240,1374.0
2241,1373.0
2242,1371.1
2243,1372.2
2244,1372.6
2245,1372.7
2246,1374.0
2247,1374.3
2248,1374.8
2249,1375.4
2250,1374.7
2251,1373.6
2252,1374.3
2253,1374.2
2254,1373.8
2255,1372.1
2256,1371.8
2257,1371.4
2258,1371.5
2259,1371.8
2260,1372.0
2261,1372.3
2262,1370.9
2263,1372.2
2264,1370.6
2265,1370.6
2266,1370.2
2267,1370.4
2268,1370.4
2269,1370.9
2270,1371.2
2271,1371.3
2272,1372.0
2273,1371.6
2274,1371.1
2275,1371.3
2276,1370.5
2277,1370.8
2278,1370.6
2279,1371.6
2280,1371.2
2281,1371.4
2282,1371.5
2283,1371.2
2284,1371.4
2285,1371.2
2286,1371.3
2287,1371.0
2288,1370.9
2289,1371.0
2290,1370.6
2291,1369.8
2292,1369.9
2293,1369.4
2294,1370.8
2295,1369.8
2296,1369.3
2297,1369.4
2298,1369.6
2299,1368.8
2300,1368.8
2301,1368.0
2302,1366.5
2303,1365.8
2304,1366.5
2305,1368.1
2306,1367.1
2307,1367.0
2308,1368.0
2309,1367.4
2310,1366.6
2311,1367.3
2312,1367.1
2313,1367.1
2314,1366.5
2315,1366.2
2316,1366.4
2317,1365.9
2318,1366.5
2319,1366.2
2320,1367.8
2321,1367.8
2322,1367.8
2323,1367.8
2324,1367.8
2325,1367.8
2326,1367.8
2327,1367.8
2328,1367.8
2329,1367.8
2330,1367.8
2331,1367.8
2332,1367.8
2333,1367.8
2334,1367.8
2335,1367.8
2336,1367.8
2337,1367.8
2338,1367.8
2339,1367.8
2340,1367.6
2341,1363.9
2342,1363.4
2343,1365.1
2344,1367.1
2345,1367.3
2346,1365.8
2347,1367.0
2348,1368.6
2349,1367.9
2350,1370.3
2351,1369.6
2352,1369.9
2353,1370.3
2354,1369.6
2355,1366.7
2356,1365.3
2357,1368.0
2358,1368.0
2359,1370.3
2360,1368.5
2361,1368.1
2362,1367.3
2363,1366.6
2364,1365.6
2365,1366.1
2366,1365.3
2367,1365.0
2368,1367.4
2369,1368.0
2370,1368.8
2371,1369.7
2372,1369.5
2373,1368.3
2374,1368.4
2375,1368.3
2376,1369.5
2377,1369.8
2378,1371.5
2379,1372.4
2380,1370.8
2381,1371.0
2382,1372.2
2383,1370.5
2384,1371.0
2385,1371.4
2386,1371.6
2387,1371.0
2388,1371.7
2389,1370.9
2390,1370.3
2391,1371.1
2392,1372.2
2393,1370.2
2394,1370.8
2395,1370.9
2396,1369.0
2397,1368.0
2398,1368.0
2399,1368.7
2400,1368.5
2401,1368.0
2402,1368.6
2403,1369.3
2404,1369.2
2405,1368.9
2406,1367.9
2407,1367.8
2408,1368.1
2409,1368.9
2410,1368.9
2411,1369.7
2412,1369.5
2413,1368.9
2414,1369.3
2415,1368.9
2416,1369.5
2417,1369.1
2418,1368.7
2419,1369.4
2420,1370.0
2421,1369.8
2422,1369.7
2423,1370.5
2424,1371.2
2425,1371.2
2426,1371.0
2427,1370.5
2428,1370.0
2429,1370.0
2430,1369.9
2431,1369.3
2432,1369.0
2433,1369.3
2434,1369.0
2435,1370.2
2436,1371.9
2437,1371.1
2438,1371.7
2439,1371.5
2440,1371.4
2441,1371.2
2442,1368.6
2443,1368.0
2444,1369.3
2445,1368.9
2446,1368.7
2447,1368.5
2448,1368.4
2449,1367.7
2450,1367.7
2451,1368.3
2452,1368.2
2453,1369.0
2454,1367.9
2455,1367.6
2456,1367.0
2457,1366.2
2458,1366.2
2459,1367.4
2460,1367.6
2461,1367.6
2462,1367.8
2463,1367.9
2464,1369.5
2465,1369.0
2466,1368.7
2467,1368.1
2468,1368.9
2469,1368.1
2470,1368.4
2471,1367.7
2472,1368.0
2473,1367.9
2474,1367.9
2475,1368.8
2476,1368.3
2477,1368.3
2478,1368.1
2479,1367.4
2480,1365.7
2481,1367.0
2482,1367.3
2483,1366.9
2484,1366.9
2485,1367.4
2486,1367.0
2487,1366.9
2488,1366.6
2489,1366.2
2490,1365.9
2491,1366.7
2492,1366.9
2493,1366.6
2494,1366.8
2495,1367.0
2496,1366.5
2497,1366.0
2498,1366.3
2499,1366.9
2500,1367.4
2501,1367.8
2502,1368.4
2503,1368.9
2504,1368.5
2505,1368.9
2506,1369.6
2507,1368.7
2508,1369.1
2509,1369.5
2510,1369.5
2511,1374.6
2512,1373.4
2513,1372.6
2514,1373.0
2515,1373.6
2516,1375.0
2517,1377.0
2518,1375.5
2519,1377.0
2520,1376.9
2521,1376.3
2522,1375.2
2523,1375.3
2524,1375.8
2525,1375.7
2526,1376.0
2527,1376.0
2528,1376.0
2529,1377.1
2530,1376.8
2531,1376.8
2532,1376.6
2533,1377.0
2534,1376.5
2535,1375.9
2536,1375.0
2537,1374.6
2538,1375.0
2539,1374.2
2540,1373.0
2541,1373.9
2542,1373.3
2543,1373.5
2544,1373.7
2545,1373.4
2546,1373.8
2547,1373.7
2548,1372.4
2549,1373.4
2550,1374.2
2551,1372.7
2552,1373.2
2553,1373.2
2554,1373.0
2555,1372.3
2556,1371.8
2557,1371.7
2558,1371.6
2559,1371.4
2560,1371.5
2561,1371.9
2562,1371.5
2563,1372.9
2564,1372.8
2565,1372.4
2566,1373.4
2567,1374.5
2568,1375.1
2569,1374.9
2570,1374.7
2571,1374.0
2572,1373.6
2573,1373.5
2574,1373.7
2575,1373.6
2576,1373.4
2577,1373.2
2578,1373.0
2579,1374.2
2580,1374.2
2581,1374.0
2582,1372.9
2583,1373.0
2584,1373.0
2585,1373.2
2586,1373.7
2587,1373.6
2588,1372.8
2589,1373.2
2590,1373.1
2591,1373.4
2592,1373.4
2593,1372.0
2594,1373.1
2595,1373.6
2596,1374.1
2597,1374.3
2598,1374.0
2599,1373.4
2600,1373.9
2601,1374.1
2602,1374.0
2603,1374.0
2604,1374.7
2605,1374.9
2606,1374.0
2607,1374.3
2608,1373.6
2609,1374.0
2610,1373.9
2611,1373.8
2612,1374.0
2613,1374.0
2614,1374.2
2615,1374.4
2616,1375.0
2617,1374.3
2618,1374.8
2619,1375.5
2620,1375.5
2621,1376.0
2622,1377.0
2623,1376.5
2624,1376.5
2625,1376.9
2626,1377.7
2627,1377.0
2628,1377.7
2629,1378.6
2630,1380.0
2631,1380.1
2632,1379.1
2633,1378.6
2634,1378.3
2635,1379.3
2636,1378.7
2637,1378.7
2638,1378.3
2639,1378.7
2640,1379.4
2641,1379.2
2642,1379.4
2643,1379.1
2644,1379.4
2645,1379.2
2646,1379.4
2647,1379.7
2648,1379.8
2649,1379.9
2650,1380.1
2651,1379.5
2652,1380.3
2653,1380.3
2654,1380.8
2655,1382.6
2656,1383.8
2657,1384.1
2658,1383.9
2659,1383.6
2660,1382.3
2661,1383.7
2662,1383.3
2663,1384.9
2664,1384.2
2665,1383.1
2666,1382.0
2667,1382.3
2668,1382.7
2669,1383.4
2670,1384.1
2671,1384.3
2672,1385.0
2673,1384.8
2674,1385.5
2675,1386.2
2676,1385.3
2677,1385.8
2678,1386.1
2679,1386.5
2680,1385.6
2681,1386.3
2682,1386.6
2683,1386.3
2684,1386.3
2685,1387.3
2686,1387.1
2687,1386.5
2688,1386.8
2689,1386.5
2690,1387.0
2691,1387.0
2692,1387.8
2693,1387.1
2694,1387.8
2695,1387.0
2696,1386.6
2697,1386.6
2698,1386.7
2699,1386.2
2700,1386.0
2701,1385.3
2702,1385.5
2703,1385.3
2704,1385.0
2705,1385.4
2706,1385.8
2707,1385.4
2708,1386.1
2709,1384.8
2710,1384.1
2711,1384.5
2712,1384.6
2713,1384.7
2714,1384.7
2715,1384.6
2716,1386.2
2717,1386.2
2718,1386.2
2719,1386.2
2720,1386.2
2721,1386.2
2722,1386.2
2723,1386.2
2724,1386.2
2725,1386.2
2726,1386.2
2727,1386.2
2728,1386.2
2729,1386.2
2730,1386.2
2731,1384.0
2732,1386.1
2733,1386.1
2734,1388.6
2735,1388.0
2736,1388.0
2737,1390.1
2738,1390.2
2739,1391.8
2740,1393.7
2741,1395.6
2742,1395.1
2743,1394.4
2744,1394.6
2745,1396.0
2746,1397.5
2747,1400.0
2748,1399.7
2749,1399.0
2750,1397.6
2751,1396.3
2752,1397.4
2753,1397.0
2754,1396.2
2755,1396.5
2756,1396.9
2757,1397.3
2758,1397.9
2759,1398.9
2760,1398.6
2761,1399.1
2762,1400.1
2763,1400.3
2764,1399.6
2765,1399.4
2766,1400.7
2767,1399.5
2768,1398.5
2769,1399.2
2770,1398.8
2771,1399.0
2772,1398.0
2773,1397.6
2774,1398.2
2775,1398.2
2776,1398.0
2777,1399.0
2778,1399.9
2779,1399.9
2780,1400.0
2781,1399.9
2782,1399.4
2783,1399.5
2784,1400.0
2785,1399.6
2786,1398.4
2787,1398.3
2788,1396.6
2789,1397.3
2790,1397.2
2791,1397.2
2792,1397.4
2793,1395.6
2794,1396.5
2795,1395.7
2796,1396.0
2797,1396.4
2798,1396.1
2799,1396.5
2800,1397.3
2801,1396.7
2802,1397.0
2803,1395.3
2804,1394.1
2805,1394.1
2806,1393.3
2807,1391.6
2808,1391.9
2809,1391.5
2810,1390.5
2811,1392.1
2812,1392.0
2813,1392.4
2814,1391.8
2815,1392.0
2816,1391.8
2817,1392.4
2818,1393.4
2819,1393.2
2820,1391.5
2821,1390.5
2822,1390.5
2823,1391.9
2824,1392.4
2825,1391.8
2826,1391.7
2827,1391.9
2828,1391.9
2829,1391.5
2830,1391.6
2831,1392.5
2832,1391.4
2833,1391.5
2834,1391.4
2835,1391.4
2836,1391.5
2837,1391.6
2838,1390.9
2839,1389.8
2840,1389.0
2841,1388.7
2842,1387.9
2843,1387.5
2844,1386.4
2845,1387.1
2846,1387.0
2847,1386.6
2848,1386.0
2849,1386.0
2850,1385.2
2851,1386.4
2852,1386.4
2853,1388.6
2854,1389.5
2855,1389.6
2856,1389.0
2857,1390.3
2858,1388.2
2859,1387.4
2860,1388.3
2861,1387.4
2862,1387.2
2863,1387.0
2864,1387.0
2865,1387.1
2866,1388.3
2867,1387.4
2868,1387.8
2869,1388.8
2870,1388.1
2871,1388.8
2872,1388.7
2873,1388.3
2874,1388.2
2875,1387.8
2876,1387.9
2877,1387.6
2878,1387.9
2879,1387.8
2880,1387.0
2881,1386.8
2882,1387.3
2883,1385.4
2884,1385.2
2885,1385.1
2886,1384.4
2887,1384.4
2888,1384.9
2889,1384.9
2890,1384.3
2891,1383.4
2892,1383.4
2893,1384.4
2894,1384.9
2895,1384.8
2896,1384.2
2897,1383.5
2898,1383.2
2899,1383.8
2900,1383.3
2901,1383.4
2902,1384.0
2903,1383.2
2904,1384.4
2905,1384.6
2906,1384.5
2907,1384.5
2908,1384.5
2909,1384.9
2910,1385.0
2911,1385.0
2912,1385.0
2913,1387.5
2914,1387.0
2915,1388.7
2916,1389.6
2917,1389.6
2918,1389.9
2919,1392.0
2920,1392.3
2921,1394.0
2922,1392.6
2923,1392.8
2924,1390.3
2925,1390.2
2926,1391.2
2927,1391.1
2928,1391.6
2929,1391.0
2930,1390.3
2931,1391.6
2932,1393.0
2933,1393.9
2934,1393.7
2935,1394.0
2936,1393.7
2937,1394.8
2938,1393.6
2939,1392.9
2940,1394.1
2941,1393.2
2942,1393.5
2943,1391.3
2944,1391.0
2945,1391.3
2946,1391.6
2947,1391.9
2948,1391.8
2949,1391.3
2950,1390.8
2951,1391.0
2952,1390.4
2953,1389.8
2954,1390.0
2955,1390.9
2956,1391.2
2957,1391.5
2958,1392.4
2959,1392.5
2960,1392.5
2961,1392.5
2962,1392.2
2963,1392.4
2964,1391.7
2965,1391.4
2966,1391.9
2967,1391.0
2968,1390.6
2969,1390.4
2970,1389.7
2971,1388.3
2972,1388.1
2973,1388.3
2974,1388.5
2975,1387.9
2976,1388.6
2977,1388.7
2978,1388.7
2979,1388.4
2980,1387.9
2981,1388.4
2982,1387.0
2983,1386.2
2984,1386.0
2985,1387.1
2986,1387.2
2987,1386.5
2988,1386.5
2989,1386.3
2990,1386.6
2991,1386.5
2992,1386.8
2993,1386.5
2994,1387.3
2995,1386.9
2996,1386.4
2997,1385.9
2998,1386.4
2999,1387.1
3000,1386.7
3001,1386.0
3002,1386.5
3003,1386.5
3004,1385.7
3005,1385.6
3006,1385.9
3007,1386.0
3008,1386.6
3009,1386.3
3010,1386.6
3011,1386.2
3012,1385.9
3013,1387.4
3014,1387.4
3015,1388.0
3016,1387.0
3017,1386.1
3018,1385.7
3019,1385.7
3020,1384.0
3021,1382.0
3022,1381.0
3023,1381.9
3024,1382.3
3025,1381.9
3026,1381.7
3027,1381.0
3028,1380.0
3029,1380.2
3030,1381.1
3031,1379.6
3032,1380.0
3033,1380.0
3034,1379.6
3035,1380.2
3036,1380.2
3037,1380.6
3038,1381.7
3039,1381.5
3040,1381.7
3041,1381.9
3042,1382.1
3043,1381.8
3044,1381.3
3045,1381.9
3046,1381.5
3047,1381.3
3048,1380.6
3049,1380.8
3050,1380.6
3051,1379.7
3052,1380.1
3053,1380.0
3054,1380.0
3055,1379.9
3056,1379.2
3057,1378.1
3058,1378.3
3059,1378.6
3060,1378.2
3061,1378.2
3062,1377.8
3063,1378.0
3064,1377.9
3065,1376.9
3066,1376.9
3067,1377.5
3068,1377.2
3069,1378.0
3070,1378.1
3071,1378.1
3072,1379.1
3073,1380.0
3074,1379.4
3075,1378.7
3076,1378.8
3077,1379.2
3078,1378.1
3079,1378.5
3080,1379.3
3081,1379.6
3082,1380.9
3083,1380.1
3084,1380.7
3085,1380.2
3086,1380.5
3087,1381.4
3088,1381.8
3089,1381.3
3090,1381.4
3091,1382.3
3092,1380.2
3093,1380.2
3094,1381.3
3095,1381.1
3096,1380.9
3097,1382.4
3098,1380.6
3099,1380.8
3100,1381.0
3101,1380.1
3102,1380.2
3103,1380.6
3104,1380.5
3105,1380.0
3106,1380.4
3107,1380.4
3108,1380.4
3109,1380.4
3110,1380.4
3111,1380.4
3112,1380.4
3113,1380.4
3114,1380.4
3115,1380.4
3116,1380.4
3117,1380.4
3118,1380.4
3119,1380.4
3120,1380.4
3121,1386.7
3122,1388.4
3123,1388.7
3124,1389.2
3125,1387.1
3126,1386.6
3127,1384.9
3128,1384.4
3129,1384.5
3130,1385.8
3131,1386.6
3132,1385.9
3133,1385.4
3134,1385.1
3135,1385.0
3136,1385.6
3137,1385.9
3138,1384.4
3139,1384.3
3140,1384.7
3141,1384.8
3142,1386.2
3143,1387.4
3144,1386.9
3145,1386.6
3146,1386.8
3147,1387.3
3148,1386.6
3149,1387.3
3150,1386.8
3151,1387.4
3152,1387.4
3153,1386.9
3154,1387.0
3155,1387.5
3156,1387.0
3157,1386.4
3158,1386.5
3159,1386.6
3160,1386.9
3161,1387.8
3162,1387.6
3163,1388.0
3164,1391.0
3165,1388.7
3166,1389.0
3167,1389.5
3168,1388.7
3169,1388.8
3170,1389.3
3171,1389.2
3172,1388.8
3173,1388.7
3174,1387.6
3175,1388.7
3176,1387.8
3177,1388.3
3178,1387.4
3179,1386.0
3180,1385.3
3181,1385.4
3182,1385.8
3183,1386.2
3184,1385.6
3185,1385.2
3186,1385.2
3187,1385.2
3188,1385.3
3189,1385.2
3190,1384.7
3191,1384.4
3192,1384.4
3193,1384.8
3194,1386.1
3195,1386.1
3196,1386.7
3197,1386.7
3198,1386.5
3199,1386.3
3200,1386.1
3201,1386.2
3202,1385.8
3203,1386.0
3204,1385.9
3205,1385.8
3206,1385.3
3207,1384.7
3208,1384.9
3209,1385.3
3210,1384.8
3211,1382.7
3212,1382.6
3213,1382.7
3214,1382.8
3215,1383.5
3216,1383.0
3217,1383.0
3218,1383.6
3219,1384.5
3220,1384.4
3221,1384.5
3222,1383.6
3223,1384.0
3224,1384.8
3225,1385.3
3226,1383.9
3227,1385.2
3228,1385.8
3229,1384.9
3230,1384.3
3231,1384.3
3232,1384.8
3233,1384.5
3234,1384.4
3235,1384.6
3236,1385.0
3237,1383.5
3238,1382.4
3239,1383.5
3240,1383.5
3241,1383.3
3242,1383.5
3243,1383.6
3244,1383.4
3245,1383.5
3246,1383.4
3247,1383.4
3248,1383.3
3249,1382.9
3250,1382.8
3251,1382.7
3252,1381.9
3253,1380.7
3254,1381.2
3255,1380.5
3256,1381.3
3257,1381.0
3258,1380.9
3259,1381.2
3260,1381.6
3261,1381.8
3262,1382.1
3263,1381.5
3264,1381.8
3265,1381.4
3266,1381.6
3267,1381.3
3268,1381.5
3269,1380.7
3270,1380.8
3271,1381.1
3272,1381.0
3273,1380.8
3274,1380.7
3275,1379.9
3276,1380.0
3277,1379.6
3278,1380.0
3279,1381.0
3280,1380.5
3281,1379.7
3282,1380.3
3283,1379.9
3284,1379.5
3285,1378.3
3286,1378.2
3287,1379.0
3288,1378.7
3289,1379.0
3290,1379.6
3291,1380.0
3292,1380.4
3293,1380.4
3294,1380.6
3295,1380.5
3296,1380.1
3297,1380.4
3298,1380.5
3299,1380.0
3300,1380.0
3301,1380.5
3302,1380.1
3303,1379.3
3304,1379.3
3305,1379.3
3306,1380.7
3307,1381.8
3308,1381.7
3309,1381.8
3310,1382.4
3311,1382.1
3312,1381.9
3313,1382.0
3314,1382.2
3315,1382.7
3316,1382.6
3317,1382.5
3318,1382.5
3319,1383.0
3320,1382.5
3321,1381.9
3322,1381.7
3323,1381.6
3324,1381.8
3325,1382.0
3326,1382.7
3327,1382.8
3328,1383.0
3329,1382.9
3330,1382.7
3331,1383.7
3332,1383.4
3333,1383.9
3334,1386.0
3335,1385.8
3336,1385.9
3337,1385.3
3338,1384.9
3339,1385.0
3340,1386.0
3341,1385.3
3342,1385.8
3343,1386.7
3344,1386.2
3345,1385.6
3346,1386.5
3347,1386.5
3348,1386.4
3349,1386.5
3350,1386.8
3351,1386.8
3352,1386.0
3353,1386.2
3354,1385.9
3355,1385.9
3356,1385.8
3357,1385.7
3358,1384.6
3359,1385.0
3360,1385.1
3361,1385.2
3362,1385.3
3363,1385.4
3364,1385.5
3365,1384.7
3366,1384.5
3367,1384.1
3368,1384.6
3369,1384.7
3370,1384.0
3371,1383.9
3372,1383.4
3373,1383.3
3374,1383.2
3375,1383.5
3376,1384.3
3377,1383.8
3378,1382.8
3379,1383.3
3380,1383.9
3381,1384.0
3382,1384.6
3383,1384.9
3384,1385.1
3385,1385.0
3386,1385.3
3387,1385.2
3388,1386.3
3389,1386.0
3390,1386.3
3391,1386.0
3392,1386.3
3393,1386.1
3394,1386.5
3395,1386.7
3396,1386.6
3397,1387.3
3398,1387.5
3399,1388.7
3400,1387.9
3401,1387.8
3402,1387.5
3403,1387.9
3404,1387.5
3405,1387.9
3406,1387.4
3407,1387.8
3408,1387.7
3409,1387.4
3410,1389.0
3411,1388.0
3412,1388.0
3413,1387.9
3414,1387.9
3415,1388.0
3416,1387.6
3417,1387.7
3418,1387.9
3419,1387.4
3420,1388.3
3421,1387.9
3422,1387.4
3423,1387.1
3424,1386.9
3425,1386.6
3426,1386.2
3427,1386.4
3428,1385.5
3429,1385.9
3430,1385.8
3431,1386.9
3432,1387.2
3433,1387.0
3434,1385.6
3435,1386.7
3436,1386.6
3437,1386.4
3438,1387.0
3439,1386.1
3440,1386.4
3441,1386.4
3442,1386.2
3443,1386.4
3444,1386.1
3445,1386.1
3446,1385.7
3447,1385.9
3448,1386.0
3449,1385.6
3450,1385.3
3451,1386.2
3452,1386.1
3453,1385.8
3454,1385.8
3455,1386.5
3456,1385.8
3457,1385.7
3458,1385.8
3459,1386.4
3460,1386.4
3461,1385.9
3462,1385.0
3463,1385.0
3464,1385.0
3465,1384.9
3466,1383.5
3467,1383.2
3468,1382.5
3469,1382.7
3470,1382.7
3471,1382.6
3472,1382.4
3473,1382.1
3474,1382.3
3475,1382.4
3476,1382.1
3477,1382.2
3478,1382.0
3479,1381.8
3480,1382.4
3481,1382.3
3482,1382.4
3483,1382.6
3484,1382.6
3485,1382.5
3486,1382.0
3487,1382.0
3488,1382.7
3489,1382.9
3490,1382.9
3491,1383.0
3492,1383.3
3493,1383.4
3494,1383.6
3495,1384.0
3496,1382.6
3497,1382.6
3498,1382.6
3499,1382.6
3500,1382.6
3501,1382.6
3502,1382.6
3503,1382.6
3504,1382.6
3505,1377.0
3506,1376.7
3507,1378.7
3508,1378.4
3509,1378.7
3510,1377.3
3511,1377.0
3512,1378.6
3513,1378.7
3514,1378.7
3515,1378.0
3516,1377.5
3517,1377.8
3518,1378.0
3519,1378.3
3520,1378.5
3521,1377.6
3522,1377.6
3523,1378.6
3524,1377.8
3525,1377.0
3526,1377.7
3527,1377.3
3528,1378.3
3529,1378.3
3530,1378.1
3531,1377.9
3532,1378.8
3533,1379.0
3534,1378.9
3535,1379.5
3536,1379.9
3537,1380.1
3538,1379.6
3539,1379.9
3540,1379.7
3541,1378.7
3542,1378.6
3543,1378.4
3544,1378.5
3545,1378.3
3546,1377.0
3547,1377.8
3548,1377.9
3549,1377.4
3550,1377.0
3551,1376.9
3552,1378.3
3553,1377.3
3554,1377.3
3555,1376.0
3556,1376.4
3557,1377.6
3558,1378.0
3559,1378.0
3560,1377.7
3561,1377.4
3562,1376.1
3563,1374.7
3564,1374.9
3565,1374.3
3566,1374.9
3567,1374.6
3568,1375.4
3569,1375.4
3570,1374.6
3571,1375.6
3572,1375.5
3573,1376.2
3574,1376.5
3575,1375.4
3576,1376.4
3577,1375.8
3578,1375.8
3579,1375.5
3580,1375.6
3581,1375.7
3582,1376.0
3583,1376.2
3584,1376.2
3585,1375.7
3586,1375.0
3587,1375.0
3588,1375.0
3589,1375.2
3590,1375.2
3591,1375.0
3592,1374.8
3593,1375.0
3594,1374.8
3595,1374.8
3596,1375.6
3597,1377.1
3598,1377.5
3599,1377.6
3600,1377.5
3601,1376.7
3602,1377.5
3603,1376.5
3604,1376.0
3605,1375.9
3606,1375.8
3607,1376.1
3608,1376.7
3609,1377.1
3610,1377.0
3611,1377.6
3612,1377.6
3613,1377.5
3614,1377.3
3615,1377.2
3616,1376.9
3617,1376.9
3618,1377.0
3619,1377.4
3620,1378.0
3621,1377.3
3622,1377.6
3623,1377.5
3624,1377.9
3625,1378.5
3626,1378.1
3627,1377.5
3628,1377.6
3629,1377.8
3630,1377.3
3631,1376.9
3632,1376.9
3633,1375.9
3634,1376.0
3635,1375.9
3636,1375.7
3637,1375.7
3638,1374.9
3639,1375.0
3640,1375.0
3641,1375.8
3642,1376.8
3643,1377.5
3644,1377.5
3645,1376.2
3646,1376.9
3647,1376.6
3648,1376.6
3649,1376.0
3650,1376.0
3651,1376.0
3652,1375.6
3653,1375.4
3654,1375.4
3655,1374.9
3656,1374.7
3657,1374.8
3658,1374.8
3659,1373.7
3660,1373.4
3661,1373.9
3662,1373.9
3663,1374.1
3664,1374.9
3665,1375.0
3666,1375.2
3667,1376.1
3668,1375.6
3669,1375.2
3670,1376.7
3671,1376.8
3672,1376.1
3673,1375.4
3674,1375.5
3675,1376.1
3676,1376.0
3677,1375.9
3678,1376.2
3679,1376.1
3680,1376.0
3681,1375.9
3682,1375.8
3683,1375.2
3684,1374.6
3685,1375.0
3686,1374.9
3687,1374.1
3688,1374.0
3689,1373.9
3690,1373.9
3691,1373.7
3692,1374.1
3693,1374.7
3694,1375.0
3695,1374.8
3696,1374.7
3697,1374.6
3698,1375.0
3699,1374.9
3700,1375.3
3701,1375.0
3702,1374.6
3703,1374.7
3704,1375.1
3705,1375.2
3706,1375.4
3707,1375.4
3708,1376.8
3709,1376.8
3710,1376.9
3711,1376.5
3712,1376.5
3713,1376.5
3714,1376.6
3715,1376.5
3716,1376.2
3717,1376.0
3718,1375.9
3719,1376.0
3720,1375.8
3721,1375.8
3722,1375.8
3723,1375.7
3724,1375.6
3725,1375.9
3726,1376.6
3727,1376.6
3728,1376.8
3729,1376.5
3730,1375.5
3731,1375.2
3732,1375.6
3733,1375.0
3734,1375.0
3735,1375.3
3736,1375.2
3737,1375.6
3738,1375.3
3739,1375.2
3740,1375.5
3741,1375.4
3742,1375.3
3743,1375.8
3744,1375.9
3745,1376.3
3746,1376.8
3747,1376.0
3748,1376.1
3749,1376.0
3750,1376.1
3751,1374.9
3752,1374.3
3753,1374.0
3754,1374.9
3755,1375.1
3756,1375.1
3757,1375.3
3758,1374.9
3759,1374.5
3760,1374.3
3761,1374.6
3762,1374.5
3763,1374.5
3764,1374.6
3765,1374.8
3766,1375.4
3767,1375.5
3768,1375.4
3769,1375.6
3770,1375.5
3771,1375.8
3772,1375.6
3773,1376.4
3774,1376.5
3775,1376.7
3776,1377.0
3777,1376.3
3778,1376.1
3779,1376.1
3780,1376.6
3781,1376.4
3782,1376.5
3783,1377.5
3784,1376.3
3785,1377.0
3786,1376.5
3787,1375.7
3788,1375.0
3789,1375.0
3790,1375.9
3791,1375.0
3792,1375.0
3793,1375.3
3794,1374.9
3795,1375.0
3796,1374.8
3797,1374.9
3798,1375.0
3799,1375.0
3800,1375.3
3801,1375.2
3802,1375.1
3803,1375.0
3804,1374.5
3805,1374.3
3806,1374.1
3807,1372.1
3808,1372.0
3809,1371.6
3810,1371.2
3811,1371.0
3812,1371.5
3813,1372.1
3814,1373.0
3815,1373.1
3816,1372.0
3817,1373.1
3818,1373.0
3819,1373.2
3820,1373.4
3821,1373.1
3822,1373.0
3823,1374.2
3824,1373.6
3825,1374.3
3826,1374.4
3827,1373.5
3828,1371.9
3829,1373.4
3830,1373.6
3831,1373.1
3832,1373.5
3833,1374.1
3834,1374.1
3835,1374.5
3836,1375.9
3837,1375.0
3838,1374.9
3839,1375.7
3840,1375.6
3841,1376.0
3842,1376.5
3843,1376.2
3844,1376.5
3845,1376.7
3846,1376.6
3847,1376.0
3848,1375.7
3849,1376.1
3850,1374.6
3851,1374.7
3852,1375.0
3853,1375.0
3854,1375.6
3855,1375.7
3856,1375.2
3857,1375.3
3858,1375.5
3859,1375.4
3860,1374.9
3861,1374.6
3862,1374.4
3863,1374.1
3864,1373.9
3865,1373.3
3866,1372.9
3867,1372.7
3868,1372.1
3869,1372.9
3870,1373.0
3871,1372.0
3872,1372.3
3873,1373.0
3874,1372.8
3875,1372.9
3876,1372.4
3877,1372.3
3878,1372.0
3879,1372.4
3880,1373.8
3881,1373.8
3882,1373.8
3883,1373.8
3884,1373.8
3885,1373.8
3886,1373.8
3887,1373.8
3888,1373.8
3889,1373.8
3890,1373.8
3891,1373.8
3892,1373.8
3893,1373.8
3894,1385.2
3895,1383.5
3896,1383.7
3897,1384.8
3898,1384.5
3899,1385.0
3900,1384.6
3901,1385.2
3902,1384.9
3903,1384.9
3904,1385.0
3905,1384.8
3906,1385.0
3907,1384.9
3908,1385.3
3909,1386.7
3910,1386.0
3911,1386.7
3912,1389.9
3913,1389.8
3914,1392.4
3915,1391.6
3916,1393.4
3917,1393.9
3918,1394.2
3919,1394.4
3920,1393.4
3921,1393.2
3922,1392.5
3923,1393.2
3924,1394.5
3925,1394.7
3926,1393.7
3927,1393.3
3928,1393.9
3929,1394.0
3930,1392.7
3931,1390.7
3932,1390.0
3933,1390.8
3934,1389.4
3935,1389.9
3936,1390.8
3937,1390.9
3938,1389.8
3939,1389.5
3940,1389.6
3941,1389.5
3942,1389.6
3943,1389.7
3944,1390.1
3945,1389.0
3946,1387.7
3947,1388.8
3948,1388.1
3949,1387.1
3950,1386.8
3951,1386.6
3952,1387.3
3953,1387.5
3954,1387.6
3955,1386.9
3956,1387.2
3957,1387.5
3958,1387.7
3959,1387.7
3960,1387.5
3961,1387.1
3962,1387.0
3963,1387.2
3964,1386.2
3965,1386.5
3966,1386.3
3967,1386.1
3968,1386.2
3969,1387.2
3970,1386.6
3971,1386.8
3972,1385.3
3973,1386.0
3974,1386.9
3975,1387.4
3976,1387.4
3977,1387.1
3978,1387.4
3979,1387.3
3980,1387.9
3981,1387.6
3982,1387.9
3983,1387.1
3984,1387.2
3985,1387.2
3986,1387.7
3987,1387.3
3988,1387.1
3989,1387.1
3990,1387.2
3991,1387.1
3992,1387.2
3993,1386.8
3994,1386.8
3995,1386.3
3996,1386.1
3997,1386.6
3998,1386.5
3999,1386.8
4000,1386.4
4001,1386.6
4002,1386.6
4003,1386.5
4004,1386.3
4005,1386.0
4006,1386.4
4007,1386.6
4008,1387.2
4009,1387.3
4010,1387.1
4011,1386.8
4012,1386.7
4013,1386.7
4014,1387.6
4015,1386.6
4016,1385.4
4017,1385.2
4018,1384.9
4019,1386.0
4020,1385.0
4021,1385.4
4022,1385.2
4023,1386.6
4024,1385.1
4025,1385.2
4026,1384.2
4027,1384.0
4028,1384.4
4029,1384.4
4030,1383.4
4031,1382.5
4032,1382.9
4033,1382.7
4034,1380.8
4035,1381.8
4036,1381.0
4037,1381.0
4038,1380.9
4039,1381.0
4040,1381.2
4041,1382.0
4042,1382.5
4043,1380.9
4044,1380.9
4045,1381.0
4046,1380.2
4047,1379.9
4048,1379.9
4049,1380.0
4050,1380.4
4051,1379.9
4052,1379.9
4053,1380.0
4054,1380.2
4055,1380.0
4056,1380.1
4057,1380.0
4058,1380.0
4059,1379.9
4060,1380.3
4061,1380.5
4062,1380.7
4063,1380.6
4064,1380.9
4065,1380.5
4066,1380.5
4067,1380.0
4068,1379.3
4069,1379.3
4070,1378.8
4071,1379.8
4072,1379.3
4073,1378.1
4074,1378.8
4075,1377.8
4076,1379.3
4077,1379.1
4078,1379.5
4079,1379.6
4080,1379.8
4081,1379.7
4082,1380.0
4083,1379.8
4084,1379.9
4085,1379.9
4086,1379.7
4087,1380.0
4088,1379.9
4089,1379.7
4090,1380.0
4091,1379.9
4092,1379.8
4093,1380.0
4094,1380.0
4095,1380.2
4096,1380.0
4097,1379.7
4098,1379.5
4099,1379.9
4100,1380.1
4101,1380.3
4102,1380.8
4103,1380.9
4104,1380.9
4105,1381.5
4106,1380.3
4107,1380.5
4108,1380.8
4109,1381.1
4110,1381.5
4111,1381.2
4112,1381.0
4113,1381.6
4114,1381.6
4115,1382.8
4116,1383.0
4117,1382.8
4118,1382.1
4119,1382.6
4120,1383.1
4121,1381.9
4122,1382.0
4123,1382.1
4124,1382.5
4125,1382.9
4126,1382.9
4127,1383.9
4128,1384.7
4129,1384.8
4130,1384.9
4131,1385.2
4132,1385.0
4133,1385.4
4134,1385.4
4135,1385.9
4136,1385.7
4137,1385.9
4138,1385.4
4139,1386.0
4140,1385.4
4141,1384.8
4142,1384.9
4143,1384.6
4144,1384.0
4145,1384.3
4146,1384.7
4147,1384.5
4148,1384.4
4149,1384.0
4150,1383.7
4151,1383.7
4152,1383.4
4153,1384.4
4154,1384.3
4155,1384.6
4156,1384.1
4157,1384.2
4158,1384.5
4159,1384.8
4160,1384.2
4161,1384.8
4162,1384.4
4163,1384.8
4164,1384.5
4165,1384.8
4166,1384.3
4167,1384.6
4168,1384.5
4169,1384.2
4170,1384.2
4171,1384.6
4172,1384.7
4173,1385.0
4174,1384.8
4175,1384.2
4176,1383.7
4177,1384.2
4178,1384.3
4179,1382.7
4180,1383.5
4181,1383.6
4182,1384.2
4183,1384.2
4184,1384.5
4185,1384.4
4186,1384.5
4187,1384.7
4188,1384.8
4189,1384.9
4190,1384.8
4191,1384.9
4192,1384.6
4193,1385.0
4194,1385.0
4195,1385.0
4196,1384.8
4197,1385.0
4198,1384.5
4199,1384.9
4200,1384.7
4201,1384.4
4202,1384.5
4203,1384.9
4204,1384.5
4205,1385.0
4206,1384.7
4207,1385.1
4208,1384.6
4209,1384.6
4210,1384.8
4211,1384.8
4212,1384.2
4213,1383.0
4214,1382.3
4215,1382.2
4216,1382.4
4217,1382.3
4218,1382.3
4219,1381.7
4220,1381.1
4221,1381.5
4222,1381.7
4223,1381.5
4224,1381.4
4225,1381.3
4226,1381.5
4227,1382.4
4228,1381.6
4229,1382.0
4230,1381.6
4231,1381.0
4232,1380.8
4233,1381.9
4234,1382.0
4235,1382.0
4236,1381.9
4237,1381.2
4238,1381.7
4239,1380.5
4240,1380.3
4241,1380.0
4242,1380.4
4243,1380.3
4244,1380.2
4245,1380.5
4246,1380.5
4247,1380.0
4248,1380.0
4249,1380.9
4250,1380.5
4251,1380.4
4252,1380.6
4253,1381.0
4254,1382.4
4255,1382.9
4256,1383.3
4257,1383.8
4258,1384.2
4259,1383.8
4260,1383.8
4261,1383.3
4262,1382.8
4263,1383.2
4264,1383.4
4265,1383.5
4266,1384.0
4267,1383.4
4268,1384.0
4269,1381.7
4270,1381.7
4271,1381.7
4272,1381.7
4273,1381.7
4274,1381.7
4275,1381.7
4276,1381.7
4277,1381.7
4278,1381.7
4279,1381.7
4280,1381.7
4281,1381.7
4282,1381.7
4283,1403.5
4284,1408.4
4285,1408.7
4286,1407.0
4287,1406.9
4288,1407.0
4289,1409.5
4290,1406.9
4291,1407.9
4292,1407.6
4293,1407.8
4294,1410.6
4295,1409.8
4296,1409.8
4297,1409.8
4298,1413.4
4299,1412.3
4300,1412.6
4301,1411.4
4302,1411.0
4303,1410.0
4304,1410.0
4305,1409.4
4306,1408.8
4307,1408.0
4308,1411.0
4309,1410.2
4310,1409.0
4311,1409.3
4312,1409.0
4313,1409.5
4314,1410.1
4315,1409.9
4316,1411.7
4317,1412.0
4318,1412.0
4319,1411.4
4320,1412.0
4321,1412.3
4322,1411.4
4323,1411.4
4324,1411.0
4325,1410.2
4326,1410.4
4327,1410.1
4328,1411.0
4329,1410.5
4330,1410.1
4331,1410.3
4332,1410.0
4333,1410.1
4334,1410.5
4335,1410.8
4336,1410.8
4337,1410.8
4338,1411.8
4339,1412.1
4340,1412.0
4341,1413.2
4342,1413.3
4343,1413.6
4344,1413.9
4345,1413.1
4346,1413.0
4347,1413.0
4348,1413.8
4349,1413.7
4350,1413.5
4351,1412.4
4352,1412.4
4353,1412.8
4354,1412.6
4355,1412.4
4356,1412.0
4357,1411.7
4358,1412.5
4359,1413.5
4360,1413.4
4361,1413.2
4362,1412.6
4363,1413.4
4364,1413.0
4365,1412.7
4366,1412.8
4367,1413.0
4368,1413.0
4369,1412.9
4370,1412.4
4371,1412.9
4372,1413.2
4373,1413.2
4374,1413.1
4375,1412.0
4376,1412.3
4377,1412.9
4378,1412.8
4379,1412.3
4380,1412.1
4381,1410.9
4382,1410.5
4383,1410.4
4384,1410.2
4385,1410.3
4386,1410.8
4387,1411.0
4388,1410.6
4389,1411.0
4390,1411.8
4391,1411.6
4392,1411.9
4393,1410.9
4394,1411.0
4395,1410.6
4396,1411.6
4397,1410.8
4398,1411.0
4399,1411.0
4400,1410.6
4401,1410.0
4402,1409.9
4403,1409.4
4404,1409.2
4405,1409.9
4406,1410.1
4407,1410.6
4408,1410.4
4409,1409.9
4410,1410.0
4411,1409.9
4412,1408.7
4413,1408.1
4414,1408.2
4415,1408.7
4416,1409.5
4417,1409.4
4418,1410.0
4419,1410.0
4420,1410.0
4421,1409.9
4422,1409.8
4423,1409.6
4424,1409.8
4425,1409.9
4426,1410.6
4427,1410.8
4428,1410.4
4429,1411.0
4430,1410.7
4431,1410.5
4432,1410.9
4433,1411.2
4434,1410.8
4435,1410.7
4436,1411.0
4437,1411.1
4438,1412.0
4439,1412.7
4440,1412.9
4441,1412.0
4442,1412.0
4443,1412.0
4444,1411.6
4445,1411.5
4446,1411.6
4447,1411.6
4448,1411.1
4449,1410.9
4450,1411.3
4451,1411.7
4452,1412.2
4453,1412.4
4454,1412.3
4455,1412.0
4456,1412.2
4457,1412.5
4458,1412.5
4459,1412.1
4460,1412.5
4461,1412.5
4462,1412.8
4463,1413.0
4464,1414.9
4465,1414.7
4466,1414.5
4467,1414.7
4468,1415.7
4469,1416.7
4470,1415.9
4471,1415.4
4472,1415.4
4473,1415.4
4474,1415.7
4475,1416.2
4476,1417.0
4477,1416.8
4478,1417.2
4479,1417.0
4480,1416.4
4481,1417.0
4482,1417.0
4483,1417.2
4484,1417.8
4485,1418.0
4486,1417.6
4487,1418.0
4488,1418.1
4489,1417.5
4490,1416.2
4491,1415.6
4492,1415.7
4493,1414.8
4494,1413.9
4495,1414.3
4496,1414.0
4497,1414.3
4498,1414.9
4499,1414.5
4500,1414.6
4501,1414.9
4502,1414.7
4503,1414.5
4504,1414.8
4505,1415.4
4506,1413.1
4507,1413.7
4508,1414.0
4509,1414.1
4510,1414.0
4511,1413.9
4512,1414.0
4513,1414.4
4514,1413.7
4515,1413.8
4516,1413.5
4517,1413.5
4518,1413.1
4519,1413.6
4520,1413.6
4521,1413.6
4522,1413.6
4523,1414.7
4524,1414.5
4525,1414.6
4526,1415.1
4527,1415.4
4528,1415.5
4529,1415.6
4530,1415.5
4531,1415.5
4532,1415.0
4533,1415.5
4534,1416.1
4535,1415.9
4536,1416.1
4537,1416.4
4538,1416.0
4539,1416.0
4540,1415.5
4541,1415.5
4542,1415.5
4543,1415.6
4544,1415.8
4545,1416.0
4546,1415.8
4547,1415.6
4548,1416.0
4549,1415.8
4550,1415.9
4551,1416.4
4552,1417.5
4553,1416.3
4554,1415.9
4555,1415.5
4556,1416.6
4557,1417.1
4558,1416.4
4559,1416.8
4560,1415.1
4561,1415.8
4562,1415.9
4563,1415.9
4564,1415.1
4565,1414.5
4566,1416.2
4567,1415.5
4568,1415.7
4569,1415.9
4570,1416.0
4571,1415.7
4572,1415.5
4573,1415.1
4574,1414.9
4575,1414.4
4576,1414.8
4577,1414.9
4578,1414.9
4579,1415.2
4580,1415.2
4581,1415.3
4582,1415.1
4583,1415.0
4584,1415.4
4585,1415.5
4586,1415.7
4587,1415.9
4588,1415.5
4589,1415.9
4590,1415.9
4591,1415.9
4592,1416.5
4593,1416.3
4594,1417.1
4595,1416.9
4596,1417.1
4597,1417.3
4598,1417.0
4599,1417.2
4600,1417.5
4601,1418.0
4602,1418.6
4603,1418.5
4604,1418.6
4605,1418.8
4606,1418.8
4607,1419.2
4608,1419.0
4609,1419.8
4610,1420.3
4611,1419.0
4612,1418.8
4613,1418.2
4614,1418.7
4615,1419.0
4616,1420.0
4617,1420.1
4618,1420.0
4619,1419.6
4620,1418.4
4621,1419.1
4622,1418.8
4623,1418.9
4624,1419.3
4625,1418.9
4626,1418.7
4627,1418.9
4628,1419.4
4629,1419.5
4630,1419.9
4631,1419.6
4632,1419.9
4633,1420.0
4634,1419.7
4635,1419.7
4636,1420.2
4637,1420.3
4638,1420.0
4639,1420.4
4640,1420.6
4641,1420.2
4642,1419.5
4643,1420.0
4644,1419.9
4645,1419.7
4646,1419.7
4647,1420.0
4648,1420.1
4649,1420.3
4650,1420.4
4651,1420.8
4652,1420.6
4653,1420.3
4654,1420.9
4655,1420.8
4656,1420.8
4657,1421.0
4658,1421.0
4659,1420.1
4660,1420.1
4661,1420.1
4662,1420.1
4663,1420.1
4664,1420.1
4665,1420.1
4666,1420.1
4667,1420.1
4668,1420.1
4669,1420.1
4670,1420.1
4671,1420.1
4672,1420.1
4673,1420.1
4674,1420.1
4675,1412.6
4676,1414.1
4677,1414.0
4678,1414.0
4679,1414.6
4680,1414.5
4681,1416.6
4682,1416.3
4683,1415.8
4684,1414.6
4685,1414.3
4686,1413.3
4687,1412.2
4688,1413.4
4689,1412.5
4690,1412.0
4691,1412.6
4692,1414.1
4693,1415.0
4694,1416.4
4695,1416.0
4696,1416.3
4697,1417.0
4698,1417.2
4699,1417.3
4700,1417.6
4701,1417.3
4702,1417.0
4703,1417.8
4704,1418.5
4705,1420.3
4706,1419.2
4707,1420.6
4708,1420.9
4709,1421.7
4710,1423.0
4711,1420.8
4712,1420.5
4713,1421.7
4714,1421.7
4715,1420.1
4716,1420.0
4717,1420.6
4718,1421.0
4719,1421.6
4720,1421.5
4721,1420.3
4722,1420.0
4723,1420.0
4724,1420.7
4725,1420.0
4726,1419.8
4727,1420.0
4728,1419.9
4729,1419.8
4730,1419.7
4731,1420.1
4732,1419.3
4733,1420.2
4734,1420.1
4735,1420.6
4736,1421.3
4737,1423.8
4738,1423.8
4739,1424.0
4740,1423.8
4741,1423.3
4742,1422.7
4743,1422.8
4744,1422.9
4745,1422.3
4746,1422.2
4747,1422.1
4748,1422.1
4749,1422.3
4750,1422.0
4751,1422.3
4752,1422.5
4753,1422.5
4754,1422.6
4755,1423.5
4756,1422.5
4757,1422.3
4758,1422.9
4759,1422.6
4760,1421.9
4761,1422.0
4762,1422.9
4763,1422.5
4764,1422.3
4765,1422.0
4766,1421.9
4767,1422.0
4768,1422.8
4769,1422.8
4770,1421.7
4771,1421.1
4772,1421.3
4773,1421.1
4774,1421.3
4775,1421.1
4776,1421.1
4777,1420.7
4778,1420.7
4779,1421.2
4780,1421.0
4781,1421.0
4782,1421.7
4783,1421.9
4784,1422.0
4785,1422.6
4786,1422.3
4787,1422.6
4788,1422.7
4789,1422.6
4790,1420.9
4791,1420.8
4792,1422.6
4793,1422.6
4794,1422.9
4795,1422.8
4796,1422.0
4797,1421.3
4798,1422.0
4799,1420.9
4800,1421.1
4801,1421.0
4802,1420.9
4803,1420.1
4804,1420.4
4805,1420.8
4806,1420.2
4807,1420.1
4808,1420.3
4809,1420.1
4810,1420.2
4811,1417.7
4812,1419.0
4813,1419.5
4814,1419.1
4815,1419.0
4816,1419.6
4817,1419.5
4818,1419.2
4819,1419.4
4820,1419.0
4821,1419.0
4822,1419.2
4823,1419.5
4824,1419.3
4825,1419.6
4826,1420.0
4827,1419.9
4828,1419.1
4829,1419.5
4830,1419.4
4831,1419.7
4832,1419.9
4833,1419.7
4834,1419.2
4835,1419.8
4836,1420.0
4837,1419.9
4838,1420.3
4839,1420.2
4840,1420.6
4841,1420.4
4842,1420.4
4843,1420.8
4844,1420.2
4845,1420.0
4846,1420.5
4847,1420.6
4848,1420.4
4849,1420.9
4850,1421.0
4851,1421.9
4852,1421.9
4853,1422.1
4854,1421.3
4855,1421.1
4856,1421.2
4857,1420.6
4858,1420.3
4859,1420.6
4860,1420.6
4861,1420.6
4862,1420.7
4863,1420.7
4864,1420.2
4865,1419.9
4866,1420.0
4867,1419.5
4868,1420.0
4869,1420.5
4870,1419.9
4871,1419.4
4872,1420.0
4873,1420.0
4874,1419.8
4875,1420.0
4876,1420.6
4877,1420.7
4878,1421.2
4879,1421.0
4880,1421.2
4881,1420.8
4882,1420.9
4883,1421.0
4884,1420.9
4885,1421.0
4886,1420.9
4887,1420.9
4888,1420.9
4889,1421.1
4890,1421.4
4891,1421.6
4892,1422.0
4893,1422.0
4894,1422.1
4895,1422.1
4896,1421.2
4897,1420.8
4898,1421.6
4899,1421.9
4900,1421.4
4901,1420.8
4902,1420.8
4903,1420.5
4904,1420.4
4905,1420.4
4906,1420.5
4907,1420.0
4908,1419.7
4909,1419.8
4910,1419.6
4911,1419.4
4912,1420.0
4913,1420.2
4914,1420.2
4915,1420.0
4916,1420.7
4917,1421.3
4918,1421.9
4919,1422.1
4920,1420.5
4921,1420.0
4922,1419.5
4923,1419.3
4924,1419.6
4925,1419.1
4926,1419.1
4927,1419.1
4928,1419.2
4929,1419.1
4930,1419.2
4931,1419.3
4932,1419.8
4933,1419.6
4934,1419.6
4935,1419.9
4936,1419.9
4937,1419.1
4938,1419.6
4939,1419.5
4940,1419.9
4941,1419.5
4942,1418.1
4943,1418.5
4944,1417.7
4945,1418.1
4946,1418.8
4947,1418.6
4948,1419.3
4949,1419.3
4950,1419.2
4951,1419.7
4952,1419.5
4953,1419.2
4954,1418.9
4955,1419.0
4956,1418.9
4957,1419.1
4958,1419.0
4959,1419.6
4960,1419.7
4961,1420.0
4962,1421.5
4963,1421.3
4964,1420.5
4965,1420.9
4966,1420.9
4967,1420.8
4968,1420.5
4969,1420.2
4970,1420.4
4971,1420.4
4972,1420.3
4973,1420.1
4974,1420.1
4975,1420.1
4976,1419.4
4977,1419.2
4978,1419.1
4979,1419.5
4980,1419.7
4981,1418.6
4982,1418.2
4983,1417.8
4984,1417.6
4985,1417.0
4986,1417.3
4987,1417.0
4988,1417.1
4989,1417.0
4990,1417.2
4991,1415.6
4992,1416.6
4993,1416.4
4994,1416.4
4995,1417.3
4996,1417.1
4997,1417.5
4998,1418.0
4999,1418.1
5000,1418.2
5001,1418.1
5002,1418.1
5003,1418.1
5004,1417.0
5005,1417.3
5006,1417.0
5007,1417.3
5008,1417.3
5009,1417.1
5010,1417.4
5011,1417.5
5012,1417.6
5013,1417.4
5014,1417.2
5015,1416.9
5016,1417.1
5017,1417.2
5018,1416.8
5019,1417.0
5020,1416.1
5021,1415.3
5022,1415.2
5023,1415.2
5024,1415.1
5025,1414.1
5026,1415.1
5027,1415.1
5028,1414.9
5029,1413.8
5030,1413.7
5031,1413.3
5032,1413.3
5033,1413.0
5034,1412.8
5035,1412.3
5036,1412.0
5037,1412.1
5038,1412.0
5039,1411.2
5040,1411.0
5041,1411.0
5042,1411.0
5043,1411.2
5044,1411.5
5045,1411.6
5046,1411.6
5047,1411.2
5048,1412.1
5049,1411.3
5050,1412.0
5051,1413.0
5052,1413.0
5053,1413.0
5054,1413.0
5055,1413.0
5056,1413.0
5057,1413.0
5058,1413.0
5059,1413.0
5060,1413.0
5061,1413.0
5062,1413.0
5063,1413.0
5064,1413.0
5065,1413.0
5066,1413.0
5067,1413.0
5068,1413.0
5069,1424.3
5070,1424.9
5071,1424.5
5072,1424.4
5073,1423.4
5074,1425.1
5075,1425.7
5076,1426.5
5077,1426.5
5078,1427.3
5079,1427.4
5080,1426.6
5081,1427.1
5082,1426.6
5083,1426.1
5084,1427.3
5085,1428.9
5086,1429.3
5087,1430.4
5088,1429.0
5089,1430.0
5090,1429.1
5091,1429.2
5092,1428.0
5093,1427.3
5094,1427.1
5095,1426.6
5096,1427.0
5097,1427.6
5098,1427.7
5099,1427.2
5100,1428.7
5101,1428.8
5102,1428.7
5103,1429.1
5104,1428.7
5105,1429.2
5106,1428.5
5107,1428.6
5108,1428.2
5109,1428.0
5110,1428.1
5111,1428.0
5112,1429.8
5113,1430.1
5114,1429.7
5115,1431.0
5116,1430.5
5117,1430.5
5118,1431.0
5119,1431.4
5120,1429.7
5121,1429.6
5122,1429.6
5123,1429.6
5124,1429.9
5125,1429.9
5126,1429.9
5127,1429.9
5128,1429.8
5129,1429.9
5130,1429.7
5131,1430.6
5132,1430.2
5133,1430.0
5134,1430.2
5135,1430.3
5136,1430.5
5137,1430.2
5138,1429.8
5139,1429.6
5140,1429.9
5141,1429.6
5142,1429.2
5143,1429.4
5144,1429.5
5145,1430.3
5146,1430.5
5147,1430.7
5148,1430.6
5149,1430.2
5150,1429.8
5151,1430.2
5152,1430.1
5153,1430.2
5154,1430.0
5155,1430.4
5156,1430.8
5157,1430.3
5158,1430.0
5159,1427.3
5160,1428.9
5161,1428.9
5162,1428.9
5163,1429.8
5164,1429.8
5165,1429.2
5166,1429.1
5167,1428.8
5168,1429.0
5169,1428.9
5170,1428.8
5171,1428.9
5172,1428.5
5173,1427.9
5174,1427.9
5175,1427.2
5176,1427.2
5177,1426.7
5178,1427.2
5179,1427.1
5180,1427.2
5181,1426.5
5182,1427.0
5183,1427.8
5184,1427.9
5185,1427.5
5186,1427.3
5187,1427.3
5188,1427.6
5189,1428.5
5190,1427.1
5191,1427.6
5192,1428.0
5193,1428.3
5194,1428.5
5195,1429.4
5196,1428.7
5197,1428.6
5198,1428.6
5199,1428.1
5200,1428.3
5201,1428.0
5202,1427.6
5203,1427.6
5204,1427.4
5205,1427.5
5206,1427.1
5207,1427.6
5208,1427.6
5209,1427.5
5210,1427.6
5211,1428.0
5212,1428.3
5213,1427.9
5214,1428.5
5215,1428.6
5216,1428.6
5217,1428.8
5218,1428.9
5219,1426.4
5220,1427.2
5221,1427.5
5222,1427.4
5223,1427.7
5224,1427.2
5225,1427.1
5226,1427.1
5227,1426.8
5228,1426.7
5229,1426.6
5230,1426.6
5231,1426.6
5232,1426.6
5233,1426.5
5234,1425.5
5235,1425.5
5236,1425.5
5237,1425.6
5238,1425.5
5239,1425.6
5240,1426.5
5241,1426.6
5242,1426.5
5243,1426.5
5244,1426.5
5245,1426.5
5246,1426.4
5247,1426.3
5248,1426.1
5249,1426.4
5250,1426.3
5251,1425.3
5252,1425.6
5253,1425.6
5254,1425.8
5255,1426.8
5256,1426.9
5257,1427.0
5258,1427.4
5259,1427.7
5260,1427.4
5261,1426.0
5262,1425.3
5263,1425.8
5264,1425.7
5265,1425.6
5266,1426.0
5267,1427.6
5268,1426.8
5269,1427.3
5270,1427.7
5271,1427.9
5272,1428.4
5273,1428.4
5274,1428.6
5275,1428.9
5276,1428.7
5277,1428.9
5278,1428.9
5279,1429.3
5280,1429.0
5281,1428.7
5282,1429.5
5283,1429.5
5284,1429.0
5285,1428.1
5286,1426.3
5287,1426.0
5288,1426.6
5289,1426.5
5290,1426.6
5291,1426.6
5292,1428.6
5293,1428.7
5294,1426.7
5295,1426.4
5296,1428.2
5297,1428.5
5298,1428.8
5299,1428.8
5300,1428.9
5301,1428.9
5302,1429.0
5303,1428.8
5304,1428.9
5305,1429.0
5306,1428.7
5307,1428.9
5308,1428.9
5309,1428.2
5310,1429.0
5311,1428.9
5312,1428.9
5313,1429.0
5314,1428.9
5315,1428.8
5316,1428.6
5317,1428.9
5318,1428.9
5319,1429.9
5320,1430.0
5321,1429.3
5322,1429.2
5323,1429.0
5324,1429.6
5325,1429.5
5326,1429.7
5327,1429.1
5328,1429.5
5329,1428.9
5330,1428.7
5331,1428.5
5332,1428.5
5333,1428.3
5334,1427.7
5335,1427.6
5336,1427.0
5337,1426.6
5338,1428.1
5339,1428.7
5340,1428.7
5341,1428.8
5342,1428.8
5343,1429.2
5344,1429.5
5345,1429.0
5346,1429.3
5347,1429.4
5348,1429.6
5349,1429.6
5350,1427.7
5351,1429.5
5352,1429.6
5353,1429.8
5354,1429.3
5355,1430.3
5356,1429.4
5357,1430.0
5358,1429.0
5359,1430.0
5360,1429.9
5361,1429.8
5362,1429.9
5363,1429.9
5364,1429.6
5365,1429.5
5366,1429.5
5367,1430.0
5368,1430.0
5369,1428.6
5370,1430.2
5371,1430.6
5372,1430.4
5373,1430.2
5374,1430.3
5375,1429.8
5376,1429.9
5377,1429.8
5378,1430.0
5379,1430.0
5380,1429.8
5381,1429.6
5382,1429.6
5383,1429.0
5384,1428.8
5385,1429.2
5386,1429.1
5387,1429.4
5388,1429.4
5389,1428.9
5390,1428.2
5391,1427.5
5392,1428.3
5393,1428.3
5394,1429.0
5395,1428.3
5396,1428.3
5397,1428.8
5398,1429.0
5399,1428.9
5400,1429.2
5401,1429.2
5402,1428.9
5403,1428.8
5404,1429.0
5405,1428.9
5406,1428.7
5407,1428.7
5408,1428.8
5409,1428.7
5410,1428.4
5411,1428.0
5412,1427.7
5413,1427.7
5414,1426.8
5415,1426.0
5416,1426.1
5417,1425.6
5418,1424.7
5419,1425.9
5420,1424.2
5421,1425.4
5422,1425.9
5423,1425.1
5424,1425.4
5425,1425.8
5426,1426.0
5427,1425.8
5428,1424.3
5429,1425.3
5430,1425.1
5431,1425.0
5432,1425.5
5433,1424.7
5434,1424.9
5435,1421.6
5436,1422.9
5437,1423.8
5438,1423.5
5439,1423.3
5440,1423.9
5441,1424.0
5442,1424.2
5443,1424.5
5444,1424.3
5445,1424.8
5446,1424.8
5447,1424.8
5448,1424.8
5449,1424.8
5450,1424.8
5451,1424.8
5452,1424.8
5453,1424.8
5454,1424.8
5455,1424.8
5456,1424.8
5457,1424.8
5458,1424.8
5459,1424.8
5460,1424.8
5461,1424.8
5462,1420.3
5463,1418.8
5464,1419.4
5465,1418.5
5466,1418.4
5467,1416.8
5468,1415.6
5469,1416.7
5470,1416.6
5471,1416.9
5472,1417.5
5473,1416.3
5474,1417.0
5475,1416.7
5476,1416.6
5477,1416.5
5478,1415.5
5479,1415.6
5480,1416.9
5481,1416.6
5482,1417.5
5483,1418.4
5484,1418.9
5485,1418.6
5486,1418.6
5487,1418.8
5488,1419.4
5489,1419.4
5490,1419.2
5491,1418.1
5492,1418.0
5493,1418.1
5494,1419.0
5495,1417.5
5496,1417.5
5497,1417.8
5498,1417.4
5499,1417.6
5500,1418.2
5501,1418.2
5502,1417.7
5503,1417.3
5504,1416.4
5505,1417.2
5506,1417.8
5507,1418.8
5508,1419.0
5509,1419.2
5510,1419.9
5511,1420.7
5512,1420.5
5513,1420.4
5514,1421.5
5515,1420.8
5516,1421.0
5517,1420.0
5518,1420.3
5519,1420.7
5520,1420.7
5521,1420.7
5522,1419.9
5523,1420.2
5524,1419.5
5525,1419.0
5526,1418.9
5527,1419.2
5528,1419.4
5529,1419.3
5530,1419.1
5531,1418.0
5532,1417.0
5533,1417.9
5534,1418.2
5535,1418.4
5536,1417.9
5537,1417.7
5538,1417.3
5539,1417.2
5540,1417.2
5541,1417.7
5542,1417.9
5543,1419.1
5544,1418.5
5545,1418.7
5546,1418.4
5547,1418.1
5548,1417.3
5549,1417.4
5550,1418.0
5551,1418.2
5552,1417.7
5553,1417.9
5554,1416.5
5555,1416.6
5556,1416.8
5557,1416.7
5558,1417.1
5559,1417.1
5560,1417.0
5561,1416.6
5562,1416.6
5563,1416.5
5564,1415.7
5565,1416.1
5566,1415.9
5567,1416.1
5568,1415.8
5569,1416.2
5570,1416.4
5571,1416.2
5572,1415.9
5573,1416.0
5574,1415.9
5575,1415.9
5576,1415.7
5577,1415.0
5578,1415.0
5579,1414.6
5580,1414.6
5581,1414.4
5582,1414.4
5583,1413.5
5584,1413.0
5585,1413.7
5586,1413.9
5587,1414.9
5588,1414.9
5589,1415.2
5590,1416.7
5591,1416.0
5592,1415.0
5593,1415.8
5594,1415.7
5595,1414.6
5596,1414.2
5597,1414.9
5598,1414.5
5599,1414.3
5600,1414.6
5601,1414.5
5602,1414.5
5603,1414.6
5604,1414.8
5605,1414.9
5606,1415.0
5607,1415.8
5608,1416.7
5609,1415.7
5610,1414.5
5611,1414.5
5612,1414.7
5613,1414.6
5614,1414.8
5615,1414.1
5616,1413.8
5617,1413.6
5618,1414.4
5619,1414.3
5620,1414.5
5621,1414.6
5622,1414.6
5623,1414.9
5624,1415.1
5625,1415.8
5626,1415.6
5627,1414.6
5628,1414.1
5629,1414.0
5630,1414.6
5631,1415.0
5632,1414.2
5633,1414.4
5634,1414.4
5635,1414.5
5636,1414.5
5637,1414.9
5638,1414.0
5639,1413.5
5640,1413.5
5641,1413.6
5642,1413.5
5643,1412.7
5644,1412.6
5645,1411.8
5646,1411.3
5647,1411.7
5648,1411.9
5649,1411.7
5650,1412.0
5651,1411.6
5652,1411.4
5653,1411.9
5654,1411.8
5655,1412.1
5656,1412.6
5657,1412.0
5658,1412.2
5659,1411.8
5660,1412.0
5661,1412.0
5662,1411.8
5663,1412.0
5664,1412.0
5665,1411.9
5666,1411.8
5667,1411.9
5668,1411.9
5669,1411.9
5670,1411.5
5671,1411.9
5672,1412.0
5673,1412.6
5674,1412.3
5675,1412.5
5676,1412.4
5677,1412.4
5678,1412.8
5679,1413.1
5680,1413.5
5681,1413.7
5682,1413.9
5683,1413.4
5684,1413.2
5685,1413.3
5686,1413.8
5687,1413.2
5688,1413.2
5689,1412.6
5690,1412.2
5691,1412.0
5692,1412.0
5693,1412.2
5694,1411.8
5695,1412.2
5696,1412.3
5697,1412.8
5698,1413.1
5699,1412.7
5700,1413.1
5701,1413.3
5702,1413.3
5703,1413.3
5704,1413.3
5705,1413.4
5706,1413.3
5707,1414.2
5708,1414.1
5709,1414.0
5710,1414.2
5711,1414.4
5712,1415.0
5713,1415.5
5714,1416.0
5715,1415.2
5716,1415.5
5717,1415.4
5718,1415.0
5719,1415.0
5720,1415.0
5721,1415.2
5722,1415.3
5723,1415.7
5724,1416.3
5725,1416.0
5726,1416.0
5727,1415.8
5728,1415.9
5729,1415.5
5730,1415.7
5731,1415.7
5732,1415.8
5733,1415.8
5734,1415.8
5735,1416.0
5736,1415.9
5737,1416.2
5738,1416.2
5739,1416.4
5740,1416.5
5741,1416.5
5742,1416.0
5743,1415.8
5744,1416.0
5745,1415.8
5746,1415.5
5747,1415.3
5748,1415.3
5749,1415.2
5750,1415.2
5751,1415.0
5752,1415.2
5753,1415.3
5754,1415.4
5755,1415.3
5756,1415.5
5757,1415.1
5758,1415.5
5759,1415.0
5760,1414.6
5761,1414.4
5762,1414.6
5763,1414.7
5764,1414.5
5765,1413.7
5766,1413.6
5767,1413.6
5768,1413.6
5769,1413.7
5770,1413.1
5771,1412.4
5772,1412.5
5773,1412.9
5774,1413.4
5775,1413.3
5776,1413.0
5777,1412.9
5778,1412.5
5779,1412.0
5780,1410.5
5781,1410.7
5782,1411.0
5783,1410.9
5784,1410.8
5785,1410.9
5786,1411.7
5787,1411.0
5788,1410.9
5789,1410.9
5790,1410.6
5791,1410.5
5792,1410.5
5793,1410.2
5794,1410.2
5795,1410.1
5796,1410.5
5797,1410.9
5798,1410.9
5799,1410.9
5800,1411.2
5801,1411.3
5802,1411.7
5803,1411.3
5804,1411.3
5805,1411.3
5806,1410.5
5807,1409.6
5808,1408.9
5809,1408.9
5810,1408.9
5811,1408.9
5812,1409.3
5813,1409.1
5814,1408.9
5815,1408.9
5816,1408.6
5817,1408.7
5818,1408.7
5819,1408.3
5820,1409.0
5821,1408.9
5822,1409.1
5823,1409.2
5824,1410.0
5825,1409.3
5826,1409.4
5827,1409.6
5828,1409.8
5829,1409.7
5830,1409.4
5831,1409.5
5832,1409.7
5833,1409.9
5834,1409.7
5835,1409.8
5836,1410.0
5837,1409.2
5838,1409.2
5839,1409.2
5840,1409.2
5841,1409.2
5842,1409.2
5843,1409.2
5844,1409.2
5845,1409.2
5846,1409.2
5847,1409.2
5848,1409.2
5849,1409.2
5850,1409.2
5851,1413.3
5852,1415.3
5853,1414.6
5854,1414.8
5855,1415.1
5856,1413.4
5857,1413.7
5858,1412.9
5859,1413.9
5860,1414.5
5861,1413.9
5862,1414.0
5863,1415.1
5864,1415.7
5865,1415.8
5866,1416.3
5867,1414.3
5868,1413.9
5869,1414.6
5870,1416.0
5871,1415.1
5872,1415.0
5873,1414.3
5874,1414.5
5875,1414.1
5876,1415.4
5877,1415.2
5878,1415.7
5879,1415.4
5880,1414.8
5881,1415.0
5882,1415.0
5883,1414.6
5884,1414.3
5885,1413.8
5886,1414.2
5887,1413.2
5888,1413.2
5889,1412.8
5890,1412.7
5891,1412.5
5892,1412.4
5893,1413.3
5894,1411.0
5895,1410.1
5896,1409.3
5897,1409.6
5898,1408.7
5899,1410.2
5900,1409.2
5901,1408.7
5902,1407.2
5903,1407.0
5904,1407.6
5905,1406.0
5906,1406.5
5907,1406.9
5908,1406.5
5909,1406.5
5910,1408.7
5911,1407.2
5912,1406.9
5913,1407.5
5914,1408.2
5915,1409.5
5916,1409.7
5917,1409.0
5918,1408.9
5919,1409.2
5920,1409.9
5921,1409.7
5922,1409.4
5923,1409.1
5924,1409.7
5925,1409.2
5926,1409.0
5927,1408.7
5928,1408.8
5929,1409.0
5930,1409.0
5931,1409.8
5932,1410.4
5933,1410.7
5934,1410.6
5935,1410.9
5936,1410.9
5937,1410.5
5938,1410.9
5939,1411.0
5940,1410.9
5941,1411.4
5942,1411.2
5943,1411.2
5944,1411.1
5945,1411.2
5946,1411.9
5947,1411.5
5948,1411.4
5949,1411.5
5950,1412.3
5951,1412.4
5952,1413.0
5953,1413.0
5954,1412.8
5955,1412.8
5956,1411.6
5957,1411.9
5958,1411.8
5959,1412.6
5960,1412.8
5961,1412.8
5962,1412.8
5963,1412.9
5964,1412.6
5965,1412.8
5966,1412.2
5967,1411.9
5968,1411.6
5969,1411.2
5970,1411.1
5971,1411.0
5972,1411.3
5973,1410.9
5974,1410.9
5975,1411.0
5976,1410.9
5977,1410.9
5978,1410.7
5979,1410.9
5980,1411.0
5981,1411.5
5982,1411.7
5983,1411.5
5984,1411.0
5985,1410.9
5986,1411.0
5987,1410.9
5988,1411.0
5989,1410.9
5990,1410.3
5991,1410.2
5992,1410.7
5993,1410.3
5994,1410.7
5995,1409.9
5996,1410.4
5997,1409.9
5998,1410.8
5999,1410.8
6000,1410.5
6001,1410.8
6002,1409.2
6003,1409.8
6004,1409.9
6005,1410.5
6006,1409.3
6007,1408.7
6008,1408.2
6009,1409.6
6010,1409.0
6011,1409.1
6012,1409.4
6013,1409.2
6014,1409.4
6015,1409.8
6016,1409.9
6017,1410.0
6018,1409.9
6019,1410.0
6020,1410.0
6021,1409.3
6022,1409.7
6023,1410.0
6024,1409.9
6025,1409.9
6026,1410.0
6027,1409.9
6028,1410.0
6029,1409.9
6030,1410.0
6031,1410.1
6032,1410.1
6033,1410.0
6034,1410.0
6035,1410.1
6036,1410.0
6037,1409.9
6038,1410.0
6039,1410.1
6040,1410.0
6041,1410.1
6042,1409.8
6043,1409.9
6044,1409.9
6045,1409.7
6046,1408.7
6047,1409.9
6048,1409.7
6049,1409.8
6050,1409.2
6051,1410.0
6052,1409.9
6053,1410.0
6054,1411.2
6055,1410.3
6056,1410.5
6057,1410.2
6058,1410.5
6059,1410.3
6060,1410.4
6061,1411.4
6062,1411.6
6063,1411.2
6064,1412.1
6065,1412.2
6066,1412.4
6067,1413.2
6068,1413.2
6069,1413.3
6070,1413.2
6071,1413.9
6072,1414.5
6073,1414.6
6074,1413.6
6075,1414.0
6076,1414.0
6077,1414.0
6078,1414.4
6079,1414.4
6080,1414.5
6081,1414.4
6082,1415.7
6083,1415.2
6084,1415.8
6085,1416.0
6086,1416.0
6087,1415.8
6088,1416.0
6089,1416.1
6090,1416.1
6091,1416.2
6092,1415.9
6093,1415.8
6094,1415.3
6095,1415.3
6096,1415.6
6097,1415.7
6098,1415.0
6099,1415.0
6100,1415.5
6101,1415.8
6102,1415.7
6103,1415.0
6104,1415.0
6105,1414.9
6106,1414.9
6107,1415.0
6108,1415.5
6109,1415.5
6110,1415.5
6111,1415.4
6112,1415.5
6113,1415.5
6114,1415.5
6115,1415.5
6116,1415.4
6117,1415.5
6118,1415.4
6119,1415.5
6120,1415.4
6121,1415.7
6122,1415.9
6123,1415.9
6124,1416.4
6125,1416.8
6126,1417.5
6127,1418.0
6128,1418.0
6129,1418.0
6130,1418.9
6131,1418.9
6132,1418.9
6133,1418.7
6134,1417.7
6135,1417.9
6136,1417.9
6137,1417.9
6138,1418.0
6139,1418.0
6140,1418.0
6141,1417.7
6142,1417.5
6143,1417.9
6144,1417.4
6145,1417.3
6146,1416.9
6147,1416.7
6148,1417.5
6149,1416.6
6150,1415.5
6151,1416.5
6152,1417.0
6153,1415.8
6154,1415.5
6155,1415.0
6156,1414.9
6157,1413.9
6158,1414.0
6159,1413.3
6160,1413.4
6161,1413.8
6162,1413.2
6163,1413.6
6164,1414.7
6165,1414.3
6166,1413.8
6167,1413.3
6168,1412.9
6169,1413.5
6170,1413.0
6171,1411.9
6172,1410.8
6173,1410.8
6174,1411.5
6175,1411.0
6176,1410.7
6177,1410.8
6178,1410.3
6179,1411.0
6180,1410.5
6181,1410.3
6182,1410.0
6183,1410.0
6184,1410.5
6185,1411.0
6186,1411.4
6187,1411.7
6188,1411.9
6189,1412.2
6190,1412.5
6191,1412.6
6192,1412.8
6193,1412.7
6194,1412.6
6195,1412.5
6196,1411.6
6197,1411.5
6198,1410.9
6199,1411.3
6200,1411.3
6201,1411.3
6202,1410.9
6203,1410.6
6204,1410.4
6205,1410.5
6206,1410.5
6207,1410.7
6208,1410.3
6209,1410.2
6210,1410.2
6211,1411.2
6212,1411.5
6213,1412.5
6214,1413.1
6215,1413.7
6216,1412.8
6217,1413.8
6218,1414.4
6219,1414.5
6220,1414.3
6221,1414.4
6222,1415.2
6223,1414.7
6224,1414.0
6225,1413.7
6226,1412.6
6227,1412.6
6228,1412.6
6229,1412.6
6230,1412.6
6231,1412.6
6232,1412.6
6233,1412.6
6234,1412.6
6235,1412.6
6236,1412.6
6237,1412.6
6238,1412.6
6239,1412.6
6240,1412.6
6241,1412.6
6242,1412.6
6243,1412.6
6244,1412.6
6245,1407.8
6246,1407.1
6247,1408.4
6248,1407.6
6249,1408.1
6250,1407.9
6251,1409.2
6252,1406.4
6253,1405.6
6254,1405.6
6255,1406.3
6256,1407.9
6257,1407.7
6258,1408.2
6259,1408.0
6260,1406.9
6261,1406.6
6262,1406.0
6263,1406.6
6264,1407.6
6265,1406.8
6266,1406.9
6267,1405.6
6268,1406.1
6269,1407.0
6270,1405.5
6271,1405.5
6272,1405.9
6273,1405.3
6274,1404.7
6275,1403.3
6276,1402.3
6277,1401.3
6278,1400.7
6279,1401.6
6280,1400.1
6281,1398.5
6282,1399.7
6283,1400.2
6284,1400.9
6285,1401.3
6286,1400.9
6287,1400.8
6288,1400.9
6289,1400.6
6290,1399.0
6291,1399.5
6292,1399.1
6293,1399.8
6294,1400.6
6295,1400.9
6296,1402.0
6297,1402.7
6298,1402.9
6299,1403.6
6300,1403.2
6301,1403.4
6302,1403.7
6303,1403.1
6304,1402.2
6305,1401.0
6306,1401.7
6307,1403.5
6308,1402.9
6309,1403.3
6310,1402.9
6311,1403.2
6312,1403.0
6313,1402.8
6314,1403.3
6315,1403.4
6316,1403.4
6317,1402.2
6318,1402.7
6319,1402.8
6320,1403.4
6321,1403.3
6322,1403.0
6323,1402.9
6324,1401.6
6325,1400.5
6326,1399.8
6327,1399.1
6328,1399.2
6329,1399.2
6330,1397.6
6331,1397.9
6332,1398.1
6333,1398.2
6334,1398.7
6335,1397.7
6336,1397.1
6337,1397.5
6338,1397.4
6339,1397.1
6340,1397.4
6341,1397.8
6342,1397.8
6343,1398.0
6344,1398.0
6345,1398.2
6346,1397.9
6347,1398.7
6348,1398.5
6349,1398.8
6350,1398.8
6351,1399.0
6352,1399.2
6353,1399.4
6354,1399.4
6355,1399.8
6356,1399.5
6357,1397.8
6358,1397.5
6359,1398.1
6360,1398.4
6361,1398.4
6362,1398.0
6363,1398.4
6364,1398.7
6365,1398.8
6366,1399.1
6367,1398.1
6368,1398.6
6369,1398.4
6370,1399.1
6371,1399.3
6372,1398.5
6373,1398.7
6374,1398.6
6375,1399.4
6376,1399.6
6377,1399.6
6378,1400.0
6379,1399.0
6380,1399.4
6381,1398.9
6382,1399.1
6383,1399.2
6384,1398.8
6385,1399.7
6386,1399.2
6387,1399.3
6388,1398.5
6389,1397.4
6390,1397.5
6391,1397.5
6392,1397.1
6393,1397.3
6394,1398.1
6395,1397.2
6396,1397.8
6397,1397.4
6398,1397.4
6399,1396.8
6400,1397.0
6401,1396.8
6402,1396.5
6403,1396.6
6404,1396.4
6405,1396.3
6406,1396.5
6407,1396.5
6408,1396.8
6409,1397.0
6410,1396.3
6411,1397.8
6412,1397.0
6413,1397.2
6414,1396.5
6415,1396.9
6416,1396.6
6417,1396.5
6418,1396.4
6419,1395.9
6420,1395.6
6421,1395.7
6422,1395.7
6423,1395.5
6424,1395.4
6425,1396.0
6426,1396.1
6427,1396.4
6428,1396.9
6429,1397.6
6430,1396.6
6431,1396.4
6432,1396.0
6433,1395.8
6434,1396.0
6435,1395.7
6436,1395.7
6437,1396.0
6438,1395.6
6439,1395.4
6440,1395.2
6441,1395.2
6442,1395.1
6443,1395.2
6444,1395.1
6445,1395.4
6446,1395.1
6447,1395.3
6448,1395.5
6449,1395.0
6450,1395.2
6451,1394.2
6452,1393.1
6453,1394.1
6454,1394.4
6455,1394.3
6456,1394.4
6457,1394.4
6458,1394.3
6459,1394.1
6460,1394.6
6461,1395.4
6462,1395.4
6463,1395.8
6464,1395.2
6465,1394.4
6466,1394.7
6467,1394.8
6468,1394.3
6469,1394.0
6470,1393.8
6471,1394.8
6472,1395.0
6473,1395.0
6474,1394.5
6475,1394.5
6476,1394.2
6477,1394.3
6478,1394.3
6479,1394.6
6480,1394.5
6481,1395.2
6482,1394.4
6483,1394.0
6484,1394.6
6485,1394.3
6486,1393.9
6487,1394.2
6488,1393.8
6489,1393.3
6490,1393.7
6491,1393.6
6492,1393.7
6493,1393.9
6494,1394.2
6495,1394.6
6496,1395.0
6497,1395.3
6498,1394.4
6499,1395.0
6500,1395.2
6501,1396.3
6502,1395.6
6503,1395.3
6504,1395.4
6505,1394.9
6506,1394.6
6507,1394.6
6508,1394.6
6509,1394.7
6510,1394.6
6511,1395.1
6512,1394.8
6513,1394.6
6514,1394.9
6515,1394.2
6516,1394.0
6517,1393.5
6518,1393.3
6519,1393.3
6520,1393.1
6521,1392.9
6522,1393.3
6523,1393.2
6524,1393.4
6525,1393.7
6526,1392.8
6527,1393.9
6528,1393.7
6529,1394.1
6530,1393.7
6531,1394.7
6532,1394.7
6533,1394.5
6534,1394.6
6535,1394.7
6536,1394.6
6537,1394.7
6538,1393.7
6539,1393.5
6540,1392.7
6541,1392.0
6542,1391.9
6543,1392.7
6544,1392.5
6545,1392.9
6546,1393.0
6547,1392.7
6548,1393.2
6549,1393.0
6550,1393.2
6551,1393.1
6552,1392.6
6553,1392.8
6554,1392.6
6555,1391.7
6556,1391.9
6557,1392.2
6558,1393.1
6559,1394.0
6560,1393.0
6561,1392.6
6562,1392.8
6563,1393.4
6564,1393.0
6565,1393.4
6566,1393.1
6567,1393.8
6568,1393.3
6569,1394.7
6570,1394.2
6571,1394.2
6572,1393.7
6573,1394.1
6574,1394.2
6575,1394.5
6576,1393.9
6577,1394.0
6578,1394.2
6579,1394.3
6580,1394.2
6581,1394.1
6582,1393.4
6583,1393.3
6584,1394.3
6585,1394.2
6586,1393.7
6587,1394.2
6588,1393.7
6589,1393.8
6590,1390.2
6591,1388.5
6592,1389.6
6593,1387.7
6594,1385.7
6595,1385.4
6596,1387.1
6597,1387.7
6598,1386.9
6599,1386.2
6600,1384.1
6601,1383.8
6602,1383.0
6603,1383.8
6604,1384.1
6605,1384.6
6606,1384.4
6607,1383.1
6608,1382.1
6609,1382.4
6610,1382.9
6611,1382.6
6612,1382.8
6613,1383.1
6614,1383.0
6615,1382.7
6616,1382.8
6617,1383.7
6618,1383.5
6619,1383.8
6620,1384.9
6621,1384.9
6622,1384.9
6623,1384.9
6624,1384.9
6625,1384.9
6626,1384.9
6627,1384.9
6628,1384.9
6629,1384.9
6630,1384.9
6631,1384.9
6632,1384.9
6633,1384.9
6634,1384.9
6635,1384.9
6636,1384.9
