datetime,timestamp,open,high,low,close,volume
2025-11-03 09:20:00+05:30,1762141500,762.8,789.9,758.5,789.5,2049893
2025-11-03 09:25:00+05:30,1762141800,789.4,791.0,781.6,784.35,993763
2025-11-03 09:30:00+05:30,1762142100,784.3,791.55,784.25,787.25,1097272
2025-11-03 09:35:00+05:30,1762142400,786.9,794.75,786.1,792.55,1083997
2025-11-03 09:40:00+05:30,1762142700,792.8,793.95,787.1,790.95,884663
2025-11-03 09:45:00+05:30,1762143000,790.8,791.95,784.0,784.2,480772
2025-11-03 09:50:00+05:30,1762143300,784.0,784.05,777.85,782.8,1104200
2025-11-03 09:55:00+05:30,1762143600,782.8,789.3,782.6,788.25,595832
2025-11-03 10:00:00+05:30,1762143900,788.4,792.9,787.5,788.05,679205
2025-11-03 10:05:00+05:30,1762144200,787.85,789.0,786.7,787.0,325025
2025-11-03 10:10:00+05:30,1762144500,786.95,791.4,786.65,791.25,367157
2025-11-03 10:15:00+05:30,1762144800,791.25,793.75,789.35,790.05,707144
2025-11-03 10:20:00+05:30,1762145100,790.2,793.75,788.15,791.5,639247
2025-11-03 10:25:00+05:30,1762145400,791.45,792.0,789.8,790.7,318589
2025-11-03 10:30:00+05:30,1762145700,790.7,790.7,788.2,789.4,169117
2025-11-03 10:35:00+05:30,1762146000,789.1,789.4,786.1,786.35,289436
2025-11-03 10:40:00+05:30,1762146300,786.35,787.0,785.1,785.85,254587
2025-11-03 10:45:00+05:30,1762146600,786.0,787.4,785.2,785.8,227629
2025-11-03 10:50:00+05:30,1762146900,785.8,788.3,784.5,787.85,211067
2025-11-03 10:55:00+05:30,1762147200,787.85,789.0,783.6,783.7,280401
2025-11-03 11:00:00+05:30,1762147500,783.65,784.25,782.3,783.1,262455
2025-11-03 11:05:00+05:30,1762147800,783.3,784.0,781.95,783.9,158018
2025-11-03 11:10:00+05:30,1762148100,783.75,783.9,780.7,781.5,191151
2025-11-03 11:15:00+05:30,1762148400,781.35,782.4,780.7,781.1,120129
2025-11-03 11:20:00+05:30,1762148700,781.1,782.85,780.55,781.5,158398
2025-11-03 11:25:00+05:30,1762149000,781.5,783.85,780.6,781.5,170608
2025-11-03 11:30:00+05:30,1762149300,781.5,784.45,781.2,784.45,181882
2025-11-03 11:35:00+05:30,1762149600,784.45,785.4,784.05,785.0,177409
2025-11-03 11:40:00+05:30,1762149900,785.2,786.7,784.2,786.2,270981
2025-11-03 11:45:00+05:30,1762150200,786.2,788.45,785.4,788.45,185011
2025-11-03 11:50:00+05:30,1762150500,787.85,788.2,786.0,786.8,100030
2025-11-03 11:55:00+05:30,1762150800,786.85,789.4,786.75,788.6,178231
2025-11-03 12:00:00+05:30,1762151100,788.6,789.25,788.4,789.25,239706
2025-11-03 12:05:00+05:30,1762151400,789.25,790.2,787.65,788.0,226635
2025-11-03 12:10:00+05:30,1762151700,788.2,788.2,787.0,787.55,134313
2025-11-03 12:15:00+05:30,1762152000,787.55,787.6,785.05,786.25,182538
2025-11-03 12:20:00+05:30,1762152300,786.2,788.0,786.0,787.95,110064
2025-11-03 12:25:00+05:30,1762152600,787.75,788.9,787.75,788.75,117699
2025-11-03 12:30:00+05:30,1762152900,788.75,790.3,788.7,789.3,176941
2025-11-03 12:35:00+05:30,1762153200,789.45,789.45,787.5,787.8,85707
2025-11-03 12:40:00+05:30,1762153500,787.7,788.2,786.55,787.8,128937
2025-11-03 12:45:00+05:30,1762153800,787.7,788.7,787.15,788.1,88545
2025-11-03 12:50:00+05:30,1762154100,788.1,789.8,788.0,788.6,239557
2025-11-03 12:55:00+05:30,1762154400,788.65,788.75,786.0,786.25,92829
2025-11-03 13:00:00+05:30,1762154700,786.2,789.6,785.85,789.25,191591
2025-11-03 13:05:00+05:30,1762155000,789.25,790.55,789.0,790.3,180657
2025-11-03 13:10:00+05:30,1762155300,790.4,793.5,790.0,792.15,319385
2025-11-03 13:15:00+05:30,1762155600,792.0,796.0,791.15,795.2,566955
2025-11-03 13:20:00+05:30,1762155900,795.1,796.0,793.1,793.75,403106
2025-11-03 13:25:00+05:30,1762156200,793.75,795.0,793.35,793.9,213463
2025-11-03 13:30:00+05:30,1762156500,794.2,794.25,792.6,793.8,194432
2025-11-03 13:35:00+05:30,1762156800,793.6,795.6,793.4,795.45,219821
2025-11-03 13:40:00+05:30,1762157100,795.4,795.8,794.1,795.4,248214
2025-11-03 13:45:00+05:30,1762157400,795.3,796.55,795.0,795.4,251641
2025-11-03 13:50:00+05:30,1762157700,795.4,795.4,792.5,792.8,224508
2025-11-03 13:55:00+05:30,1762158000,792.65,794.0,792.15,793.1,233348
2025-11-03 14:00:00+05:30,1762158300,793.25,798.7,792.7,797.6,506566
2025-11-03 14:05:00+05:30,1762158600,797.6,799.0,797.35,798.85,490943
2025-11-03 14:10:00+05:30,1762158900,799.0,799.9,798.5,799.2,422385
2025-11-03 14:15:00+05:30,1762159200,799.3,799.5,797.25,797.4,275839
2025-11-03 14:20:00+05:30,1762159500,797.5,799.05,795.8,796.95,355987
2025-11-03 14:25:00+05:30,1762159800,797.0,797.7,796.05,797.65,153478
2025-11-03 14:30:00+05:30,1762160100,797.75,797.75,795.5,796.3,150117
2025-11-03 14:35:00+05:30,1762160400,796.2,797.3,795.8,797.05,181551
2025-11-03 14:40:00+05:30,1762160700,796.9,798.4,796.9,798.25,190057
2025-11-03 14:45:00+05:30,1762161000,798.4,798.45,797.2,797.3,133490
2025-11-03 14:50:00+05:30,1762161300,797.45,797.45,796.25,796.95,170847
2025-11-03 14:55:00+05:30,1762161600,797.0,797.9,796.1,797.45,185460
2025-11-03 15:00:00+05:30,1762161900,797.5,797.5,796.5,796.9,183636
2025-11-03 15:05:00+05:30,1762162200,796.9,797.95,796.5,797.2,229991
2025-11-03 15:10:00+05:30,1762162500,797.2,798.05,796.8,798.05,325688
2025-11-03 15:15:00+05:30,1762162800,798.05,799.0,798.0,798.3,402710
2025-11-03 15:20:00+05:30,1762163100,798.3,799.5,795.0,795.4,797485
2025-11-03 15:25:00+05:30,1762163400,795.1,796.2,790.95,793.75,632084
2025-11-03 15:30:00+05:30,1762163700,793.6,796.0,793.1,795.15,351369
2025-11-04 09:20:00+05:30,1762227900,792.45,814.15,792.25,806.85,1255769
2025-11-04 09:25:00+05:30,1762228200,806.95,808.25,799.25,800.3,537376
2025-11-04 09:30:00+05:30,1762228500,800.1,801.35,795.2,799.2,456944
2025-11-04 09:35:00+05:30,1762228800,799.75,800.0,797.55,798.85,134167
2025-11-04 09:40:00+05:30,1762229100,799.05,801.3,798.0,801.15,123189
2025-11-04 09:45:00+05:30,1762229400,801.3,803.5,800.35,802.45,159650
2025-11-04 09:50:00+05:30,1762229700,802.3,802.5,800.0,800.55,150897
2025-11-04 09:55:00+05:30,1762230000,800.55,803.0,800.1,800.95,102840
2025-11-04 10:00:00+05:30,1762230300,800.9,801.05,800.1,800.45,45232
2025-11-04 10:05:00+05:30,1762230600,800.45,801.0,800.0,800.05,121529
2025-11-04 10:10:00+05:30,1762230900,800.0,800.1,798.0,798.15,167148
2025-11-04 10:15:00+05:30,1762231200,798.2,798.7,794.25,796.7,355338
2025-11-04 10:20:00+05:30,1762231500,796.55,796.55,794.05,794.85,125259
2025-11-04 10:25:00+05:30,1762231800,794.8,796.75,793.65,795.6,114764
2025-11-04 10:30:00+05:30,1762232100,795.6,799.8,795.1,797.75,144137
2025-11-04 10:35:00+05:30,1762232400,797.75,798.0,796.8,797.7,51191
2025-11-04 10:40:00+05:30,1762232700,797.85,798.25,796.55,796.75,73255
2025-11-04 10:45:00+05:30,1762233000,796.75,797.6,795.1,795.6,45736
2025-11-04 10:50:00+05:30,1762233300,795.3,799.7,795.15,798.65,135040
2025-11-04 10:55:00+05:30,1762233600,798.45,798.7,797.7,797.75,30215
2025-11-04 11:00:00+05:30,1762233900,797.9,800.8,797.45,800.8,74528
2025-11-04 11:05:00+05:30,1762234200,800.8,801.5,800.0,801.4,63513
2025-11-04 11:10:00+05:30,1762234500,801.4,801.95,800.25,801.5,64564
2025-11-04 11:15:00+05:30,1762234800,801.55,801.7,800.0,800.0,56312
2025-11-04 11:20:00+05:30,1762235100,800.05,800.5,800.0,800.4,69241
2025-11-04 11:25:00+05:30,1762235400,800.25,800.5,800.0,800.0,90284
2025-11-04 11:30:00+05:30,1762235700,800.05,800.05,798.45,799.0,126453
2025-11-04 11:35:00+05:30,1762236000,799.1,799.3,796.8,797.4,126431
2025-11-04 11:40:00+05:30,1762236300,797.15,797.75,796.3,796.8,47487
2025-11-04 11:45:00+05:30,1762236600,796.8,797.5,796.25,797.1,50207
2025-11-04 11:50:00+05:30,1762236900,797.1,797.1,795.3,796.15,129959
2025-11-04 11:55:00+05:30,1762237200,796.15,798.45,795.55,797.4,58533
2025-11-04 12:00:00+05:30,1762237500,797.55,797.55,796.1,797.0,52498
2025-11-04 12:05:00+05:30,1762237800,797.1,797.5,796.5,797.2,33949
2025-11-04 12:10:00+05:30,1762238100,797.3,798.5,796.0,798.5,114754
2025-11-04 12:15:00+05:30,1762238400,798.35,799.55,798.3,799.45,54166
2025-11-04 12:20:00+05:30,1762238700,799.4,799.55,798.0,799.2,52163
2025-11-04 12:25:00+05:30,1762239000,799.15,799.5,799.0,799.25,40772
2025-11-04 12:30:00+05:30,1762239300,799.3,799.3,798.25,799.15,40826
2025-11-04 12:35:00+05:30,1762239600,799.15,800.75,798.75,800.45,83554
2025-11-04 12:40:00+05:30,1762239900,800.45,800.65,798.55,800.0,136599
2025-11-04 12:45:00+05:30,1762240200,800.0,800.4,800.0,800.25,22112
2025-11-04 12:50:00+05:30,1762240500,800.25,800.25,799.25,799.45,74554
2025-11-04 12:55:00+05:30,1762240800,799.45,800.25,799.15,800.0,41507
2025-11-04 13:00:00+05:30,1762241100,800.0,801.0,799.95,800.8,55466
2025-11-04 13:05:00+05:30,1762241400,800.8,800.85,800.0,800.5,27747
2025-11-04 13:10:00+05:30,1762241700,800.5,801.9,800.35,801.8,52994
2025-11-04 13:15:00+05:30,1762242000,801.9,801.9,800.4,800.85,51671
2025-11-04 13:20:00+05:30,1762242300,801.15,801.15,800.0,800.3,36354
2025-11-04 13:25:00+05:30,1762242600,800.3,800.3,797.5,798.1,203482
2025-11-04 13:30:00+05:30,1762242900,798.05,799.2,798.0,799.1,99795
2025-11-04 13:35:00+05:30,1762243200,799.1,799.2,798.0,798.8,33723
2025-11-04 13:40:00+05:30,1762243500,798.8,800.0,798.6,800.0,33568
2025-11-04 13:45:00+05:30,1762243800,800.0,800.6,798.9,800.15,60191
2025-11-04 13:50:00+05:30,1762244100,800.15,800.25,799.05,799.25,32161
2025-11-04 13:55:00+05:30,1762244400,799.2,800.25,799.05,799.85,32074
2025-11-04 14:00:00+05:30,1762244700,800.0,800.0,799.1,799.45,36481
2025-11-04 14:05:00+05:30,1762245000,799.5,799.7,799.0,799.55,44126
2025-11-04 14:10:00+05:30,1762245300,799.55,799.9,799.1,799.5,38160
2025-11-04 14:15:00+05:30,1762245600,799.5,799.5,798.25,798.7,79579
2025-11-04 14:20:00+05:30,1762245900,798.7,799.1,798.0,798.15,80903
2025-11-04 14:25:00+05:30,1762246200,798.15,798.15,795.7,796.35,111360
2025-11-04 14:30:00+05:30,1762246500,796.4,797.0,795.9,796.65,65054
2025-11-04 14:35:00+05:30,1762246800,796.65,796.8,796.1,796.7,39568
2025-11-04 14:40:00+05:30,1762247100,796.35,796.9,796.2,796.8,59165
2025-11-04 14:45:00+05:30,1762247400,796.9,796.9,796.25,796.4,56421
2025-11-04 14:50:00+05:30,1762247700,796.4,797.75,796.3,797.7,75185
2025-11-04 14:55:00+05:30,1762248000,797.7,797.7,795.4,795.75,98328
2025-11-04 15:00:00+05:30,1762248300,795.8,796.9,795.45,796.65,72730
2025-11-04 15:05:00+05:30,1762248600,796.65,797.25,796.0,796.7,94686
2025-11-04 15:10:00+05:30,1762248900,796.65,797.45,796.0,797.4,133717
2025-11-04 15:15:00+05:30,1762249200,797.55,798.45,797.0,797.75,138613
2025-11-04 15:20:00+05:30,1762249500,797.85,797.85,796.1,796.9,167586
2025-11-04 15:25:00+05:30,1762249800,796.9,798.0,794.35,795.0,184985
2025-11-04 15:30:00+05:30,1762250100,795.0,795.85,793.65,795.85,158173
2025-11-06 09:20:00+05:30,1762400700,792.6,795.2,785.6,789.95,1755105
2025-11-06 09:25:00+05:30,1762401000,789.6,791.1,788.05,789.0,244807
2025-11-06 09:30:00+05:30,1762401300,788.7,790.9,786.6,786.9,558085
2025-11-06 09:35:00+05:30,1762401600,786.75,788.3,785.0,786.9,450857
2025-11-06 09:40:00+05:30,1762401900,786.9,796.4,786.65,794.05,817612
2025-11-06 09:45:00+05:30,1762402200,794.05,795.2,790.65,790.8,317664
2025-11-06 09:50:00+05:30,1762402500,790.65,791.85,789.05,791.05,655459
2025-11-06 09:55:00+05:30,1762402800,791.05,795.8,790.5,794.95,129354
2025-11-06 10:00:00+05:30,1762403100,794.95,797.7,793.95,795.4,581322
2025-11-06 10:05:00+05:30,1762403400,795.55,799.4,795.25,798.35,129202
2025-11-06 10:10:00+05:30,1762403700,798.1,800.0,797.55,797.85,118194
2025-11-06 10:15:00+05:30,1762404000,797.6,797.8,796.0,796.1,106371
2025-11-06 10:20:00+05:30,1762404300,796.0,797.0,795.35,795.6,90001
2025-11-06 10:25:00+05:30,1762404600,795.5,796.4,793.35,793.4,108069
2025-11-06 10:30:00+05:30,1762404900,793.7,795.0,793.4,794.1,84123
2025-11-06 10:35:00+05:30,1762405200,794.1,795.6,794.05,795.2,63162
2025-11-06 10:40:00+05:30,1762405500,795.2,795.5,790.6,790.6,76618
2025-11-06 10:45:00+05:30,1762405800,790.55,792.25,790.2,791.0,109366
2025-11-06 10:50:00+05:30,1762406100,791.0,791.75,789.2,789.6,141622
2025-11-06 10:55:00+05:30,1762406400,789.6,792.8,789.5,792.55,51874
2025-11-06 11:00:00+05:30,1762406700,792.45,793.2,791.5,791.85,56685
2025-11-06 11:05:00+05:30,1762407000,791.85,793.3,791.6,792.5,76364
2025-11-06 11:10:00+05:30,1762407300,792.55,793.25,791.6,791.6,79060
2025-11-06 11:15:00+05:30,1762407600,791.6,792.9,791.55,791.7,52429
2025-11-06 11:20:00+05:30,1762407900,791.7,792.65,791.2,791.55,41743
2025-11-06 11:25:00+05:30,1762408200,791.55,792.75,790.25,790.25,59277
2025-11-06 11:30:00+05:30,1762408500,790.25,790.5,788.05,788.6,114558
2025-11-06 11:35:00+05:30,1762408800,788.65,789.5,788.0,788.0,44561
2025-11-06 11:40:00+05:30,1762409100,788.2,788.35,786.1,786.8,90157
2025-11-06 11:45:00+05:30,1762409400,787.05,789.95,786.65,789.0,74267
2025-11-06 11:50:00+05:30,1762409700,789.0,791.45,788.95,790.65,60155
2025-11-06 11:55:00+05:30,1762410000,790.85,794.35,790.2,792.7,72303
2025-11-06 12:00:00+05:30,1762410300,792.75,794.9,792.3,793.9,52438
2025-11-06 12:05:00+05:30,1762410600,793.95,794.7,792.6,794.7,56786
2025-11-06 12:10:00+05:30,1762410900,794.65,794.75,793.45,793.85,37256
2025-11-06 12:15:00+05:30,1762411200,793.85,796.0,793.5,795.8,379653
2025-11-06 12:20:00+05:30,1762411500,795.85,795.85,794.65,795.0,40774
2025-11-06 12:25:00+05:30,1762411800,795.0,796.0,794.5,795.35,50846
2025-11-06 12:30:00+05:30,1762412100,795.7,795.7,792.5,793.45,58293
2025-11-06 12:35:00+05:30,1762412400,793.45,795.75,792.95,795.5,37592
2025-11-06 12:40:00+05:30,1762412700,795.35,796.9,794.9,795.5,92001
2025-11-06 12:45:00+05:30,1762413000,795.6,796.0,794.65,795.4,69816
2025-11-06 12:50:00+05:30,1762413300,795.4,798.3,795.3,797.45,108243
2025-11-06 12:55:00+05:30,1762413600,797.1,799.3,797.1,799.3,61333
2025-11-06 13:00:00+05:30,1762413900,799.3,799.4,798.0,799.2,66285
2025-11-06 13:05:00+05:30,1762414200,799.2,800.3,798.8,800.3,134873
2025-11-06 13:10:00+05:30,1762414500,800.1,800.6,798.2,798.5,102280
2025-11-06 13:15:00+05:30,1762414800,798.55,798.55,796.8,797.3,43559
2025-11-06 13:20:00+05:30,1762415100,797.3,797.95,796.0,796.15,33708
2025-11-06 13:25:00+05:30,1762415400,796.35,798.55,796.1,797.9,32994
2025-11-06 13:30:00+05:30,1762415700,798.0,798.3,796.3,796.45,35440
2025-11-06 13:35:00+05:30,1762416000,796.35,797.4,796.1,796.6,28905
2025-11-06 13:40:00+05:30,1762416300,796.6,798.0,796.4,797.35,46023
2025-11-06 13:45:00+05:30,1762416600,797.35,798.15,796.55,797.05,33661
2025-11-06 13:50:00+05:30,1762416900,797.05,797.5,795.2,795.85,45314
2025-11-06 13:55:00+05:30,1762417200,795.4,795.95,794.1,794.7,66129
2025-11-06 14:00:00+05:30,1762417500,794.8,795.0,794.25,794.7,34935
2025-11-06 14:05:00+05:30,1762417800,794.7,794.7,793.4,794.2,41753
2025-11-06 14:10:00+05:30,1762418100,794.2,794.95,793.95,794.75,26856
2025-11-06 14:15:00+05:30,1762418400,794.95,795.0,794.05,794.4,42905
2025-11-06 14:20:00+05:30,1762418700,794.4,794.75,792.7,793.7,47103
2025-11-06 14:25:00+05:30,1762419000,793.7,794.1,793.25,793.5,29371
2025-11-06 14:30:00+05:30,1762419300,793.3,793.7,792.25,793.6,44849
2025-11-06 14:35:00+05:30,1762419600,793.65,794.1,793.0,794.0,38643
2025-11-06 14:40:00+05:30,1762419900,794.0,794.4,792.4,792.7,43272
2025-11-06 14:45:00+05:30,1762420200,792.7,793.0,791.75,793.0,66021
2025-11-06 14:50:00+05:30,1762420500,792.95,794.4,792.6,793.85,83238
2025-11-06 14:55:00+05:30,1762420800,793.85,794.45,793.35,793.6,70448
2025-11-06 15:00:00+05:30,1762421100,793.6,794.4,793.1,793.95,81084
2025-11-06 15:05:00+05:30,1762421400,793.95,794.1,791.6,791.95,159892
2025-11-06 15:10:00+05:30,1762421700,791.75,792.35,790.75,792.0,204263
2025-11-06 15:15:00+05:30,1762422000,792.15,792.45,791.25,792.45,141022
2025-11-06 15:20:00+05:30,1762422300,792.45,794.0,792.4,793.55,231369
2025-11-06 15:25:00+05:30,1762422600,793.5,794.05,792.15,792.8,214563
2025-11-06 15:30:00+05:30,1762422900,792.8,793.85,791.0,791.0,158505
2025-11-07 09:20:00+05:30,1762487100,792.5,792.5,785.0,789.4,283834
2025-11-07 09:25:00+05:30,1762487400,789.0,789.45,786.25,787.45,220416
2025-11-07 09:30:00+05:30,1762487700,787.45,787.9,785.5,787.35,167474
2025-11-07 09:35:00+05:30,1762488000,787.3,787.3,782.3,782.4,168320
2025-11-07 09:40:00+05:30,1762488300,782.4,785.0,780.8,784.5,151290
2025-11-07 09:45:00+05:30,1762488600,784.55,786.0,783.0,785.95,102675
2025-11-07 09:50:00+05:30,1762488900,785.9,792.4,785.25,791.95,179403
2025-11-07 09:55:00+05:30,1762489200,791.85,792.2,789.45,790.1,73084
2025-11-07 10:00:00+05:30,1762489500,790.1,790.75,789.05,789.75,50398
2025-11-07 10:05:00+05:30,1762489800,789.8,790.75,789.25,789.8,40934
2025-11-07 10:10:00+05:30,1762490100,789.8,792.8,789.3,791.5,64871
2025-11-07 10:15:00+05:30,1762490400,791.5,795.7,791.5,793.35,149778
2025-11-07 10:20:00+05:30,1762490700,793.35,794.15,792.1,792.35,74596
2025-11-07 10:25:00+05:30,1762491000,792.7,793.85,791.05,792.05,76287
2025-11-07 10:30:00+05:30,1762491300,791.55,794.2,791.15,793.75,103806
2025-11-07 10:35:00+05:30,1762491600,793.8,795.0,793.0,794.5,64328
2025-11-07 10:40:00+05:30,1762491900,794.55,796.0,793.55,795.7,75409
2025-11-07 10:45:00+05:30,1762492200,796.0,798.8,795.75,797.35,111571
2025-11-07 10:50:00+05:30,1762492500,797.35,800.85,797.35,800.1,184165
2025-11-07 10:55:00+05:30,1762492800,800.1,801.7,799.5,800.8,113114
2025-11-07 11:00:00+05:30,1762493100,801.0,801.0,799.9,800.0,73271
2025-11-07 11:05:00+05:30,1762493400,800.0,800.8,800.0,800.0,38747
2025-11-07 11:10:00+05:30,1762493700,800.1,800.95,799.85,800.85,58638
2025-11-07 11:15:00+05:30,1762494000,800.85,801.8,800.5,801.2,49170
2025-11-07 11:20:00+05:30,1762494300,801.2,801.7,800.15,801.7,60869
2025-11-07 11:25:00+05:30,1762494600,801.6,806.55,801.55,805.85,225763
2025-11-07 11:30:00+05:30,1762494900,805.9,807.75,804.55,807.5,221596
2025-11-07 11:35:00+05:30,1762495200,807.5,809.35,806.45,806.95,156288
2025-11-07 11:40:00+05:30,1762495500,806.95,807.3,803.65,803.7,98757
2025-11-07 11:45:00+05:30,1762495800,803.7,804.0,802.8,803.2,89205
2025-11-07 11:50:00+05:30,1762496100,803.3,804.8,803.3,804.65,69435
2025-11-07 11:55:00+05:30,1762496400,804.5,805.3,803.7,804.3,62261
2025-11-07 12:00:00+05:30,1762496700,804.0,804.65,802.25,803.55,75656
2025-11-07 12:05:00+05:30,1762497000,803.55,804.55,803.05,804.45,47378
2025-11-07 12:10:00+05:30,1762497300,804.45,804.55,803.1,803.5,29525
2025-11-07 12:15:00+05:30,1762497600,803.4,805.9,803.4,805.4,95769
2025-11-07 12:20:00+05:30,1762497900,805.15,808.75,805.1,808.5,158489
2025-11-07 12:25:00+05:30,1762498200,808.5,812.25,808.0,811.05,257961
2025-11-07 12:30:00+05:30,1762498500,811.05,812.35,810.0,810.95,243679
2025-11-07 12:35:00+05:30,1762498800,811.0,811.75,810.0,810.1,73755
2025-11-07 12:40:00+05:30,1762499100,810.15,810.95,809.05,810.7,64214
2025-11-07 12:45:00+05:30,1762499400,810.8,813.5,810.05,812.85,179537
2025-11-07 12:50:00+05:30,1762499700,812.75,816.75,812.75,816.75,260530
2025-11-07 12:55:00+05:30,1762500000,816.75,818.5,813.4,813.9,277619
2025-11-07 13:00:00+05:30,1762500300,814.0,817.0,812.0,815.95,469502
2025-11-07 13:05:00+05:30,1762500600,816.05,816.15,814.2,814.95,88065
2025-11-07 13:10:00+05:30,1762500900,814.95,817.15,812.8,812.8,222664
2025-11-07 13:15:00+05:30,1762501200,812.95,815.75,812.5,815.55,165944
2025-11-07 13:20:00+05:30,1762501500,815.6,817.0,815.25,815.5,90757
2025-11-07 13:25:00+05:30,1762501800,815.6,815.75,813.5,813.5,129663
2025-11-07 13:30:00+05:30,1762502100,813.65,815.15,813.05,813.05,58010
2025-11-07 13:35:00+05:30,1762502400,813.2,816.0,813.0,816.0,83005
2025-11-07 13:40:00+05:30,1762502700,815.95,819.75,815.9,819.05,394804
2025-11-07 13:45:00+05:30,1762503000,819.1,820.0,818.3,819.1,152929
2025-11-07 13:50:00+05:30,1762503300,819.35,819.9,817.95,818.0,112677
2025-11-07 13:55:00+05:30,1762503600,818.0,818.35,817.05,817.45,107131
2025-11-07 14:00:00+05:30,1762503900,817.45,817.55,813.05,813.95,109067
2025-11-07 14:05:00+05:30,1762504200,813.95,814.45,813.0,813.6,84726
2025-11-07 14:10:00+05:30,1762504500,813.6,814.65,813.0,813.65,65728
2025-11-07 14:15:00+05:30,1762504800,813.65,814.85,813.5,814.05,61954
2025-11-07 14:20:00+05:30,1762505100,814.0,814.15,813.3,813.85,49231
2025-11-07 14:25:00+05:30,1762505400,813.9,814.45,812.05,813.3,70057
2025-11-07 14:30:00+05:30,1762505700,813.5,817.0,813.45,816.6,109780
2025-11-07 14:35:00+05:30,1762506000,816.3,816.5,815.15,815.75,71675
2025-11-07 14:40:00+05:30,1762506300,815.7,817.6,815.65,817.2,132198
2025-11-07 14:45:00+05:30,1762506600,817.15,817.4,815.45,815.7,70188
2025-11-07 14:50:00+05:30,1762506900,815.85,817.45,815.5,816.9,91408
2025-11-07 14:55:00+05:30,1762507200,816.55,817.3,816.0,816.35,72593
2025-11-07 15:00:00+05:30,1762507500,816.4,816.9,816.0,816.25,58297
2025-11-07 15:05:00+05:30,1762507800,816.05,816.5,815.1,816.15,122757
2025-11-07 15:10:00+05:30,1762508100,816.05,816.1,814.95,815.6,146328
2025-11-07 15:15:00+05:30,1762508400,815.7,816.0,814.7,815.3,164915
2025-11-07 15:20:00+05:30,1762508700,815.35,818.0,815.0,816.6,492597
2025-11-07 15:25:00+05:30,1762509000,816.55,817.15,815.8,816.95,167204
2025-11-07 15:30:00+05:30,1762509300,816.85,818.0,816.0,817.7,111730
2025-11-10 09:20:00+05:30,1762746300,822.0,825.4,817.85,819.85,642520
2025-11-10 09:25:00+05:30,1762746600,819.4,822.1,818.4,819.15,171174
2025-11-10 09:30:00+05:30,1762746900,819.05,819.25,816.65,818.05,169616
2025-11-10 09:35:00+05:30,1762747200,818.3,820.9,817.75,819.05,89603
2025-11-10 09:40:00+05:30,1762747500,819.05,821.55,819.05,821.45,79746
2025-11-10 09:45:00+05:30,1762747800,820.8,821.1,818.4,818.5,104554
2025-11-10 09:50:00+05:30,1762748100,818.6,821.25,818.0,820.75,90239
2025-11-10 09:55:00+05:30,1762748400,820.8,822.75,819.0,822.5,133291
2025-11-10 10:00:00+05:30,1762748700,822.5,823.2,820.7,821.2,155686
2025-11-10 10:05:00+05:30,1762749000,821.4,821.45,820.15,821.1,104392
2025-11-10 10:10:00+05:30,1762749300,821.0,822.35,821.0,822.35,65449
2025-11-10 10:15:00+05:30,1762749600,822.2,822.9,820.6,822.25,198239
2025-11-10 10:20:00+05:30,1762749900,822.45,822.6,820.9,822.5,146176
2025-11-10 10:25:00+05:30,1762750200,822.5,822.9,820.9,820.9,45280
2025-11-10 10:30:00+05:30,1762750500,821.0,821.1,818.5,819.45,154770
2025-11-10 10:35:00+05:30,1762750800,819.45,821.4,819.05,820.25,89459
2025-11-10 10:40:00+05:30,1762751100,820.3,820.3,818.5,819.05,78542
2025-11-10 10:45:00+05:30,1762751400,819.05,819.15,817.75,819.15,119833
2025-11-10 10:50:00+05:30,1762751700,819.15,820.7,819.0,819.85,81581
2025-11-10 10:55:00+05:30,1762752000,820.15,820.5,819.5,819.8,61671
2025-11-10 11:00:00+05:30,1762752300,819.8,821.0,819.5,820.45,55016
2025-11-10 11:05:00+05:30,1762752600,820.25,821.9,820.2,821.3,79292
2025-11-10 11:10:00+05:30,1762752900,821.0,824.25,820.9,824.25,153027
2025-11-10 11:15:00+05:30,1762753200,824.4,827.25,824.35,825.9,280981
2025-11-10 11:20:00+05:30,1762753500,825.95,829.0,825.4,828.7,215164
2025-11-10 11:25:00+05:30,1762753800,828.7,829.45,828.0,828.55,122789
2025-11-10 11:30:00+05:30,1762754100,828.65,829.2,828.0,828.85,78472
2025-11-10 11:35:00+05:30,1762754400,828.6,829.2,828.0,829.1,53651
2025-11-10 11:40:00+05:30,1762754700,829.1,829.35,826.8,827.1,140914
2025-11-10 11:45:00+05:30,1762755000,827.1,827.45,825.2,825.9,106446
2025-11-10 11:50:00+05:30,1762755300,825.8,827.0,825.2,825.3,30261
2025-11-10 11:55:00+05:30,1762755600,825.3,826.2,824.95,825.6,63029
2025-11-10 12:00:00+05:30,1762755900,825.7,825.7,823.7,824.1,39088
2025-11-10 12:05:00+05:30,1762756200,824.0,824.1,822.2,822.95,43730
2025-11-10 12:10:00+05:30,1762756500,822.9,823.3,822.05,822.9,29256
2025-11-10 12:15:00+05:30,1762756800,822.9,826.8,822.55,825.85,113854
2025-11-10 12:20:00+05:30,1762757100,825.8,828.95,825.7,828.8,70647
2025-11-10 12:25:00+05:30,1762757400,828.85,830.7,827.65,830.05,321606
2025-11-10 12:30:00+05:30,1762757700,830.0,830.55,827.2,827.45,155320
2025-11-10 12:35:00+05:30,1762758000,827.6,828.0,827.2,827.55,52679
2025-11-10 12:40:00+05:30,1762758300,827.6,828.0,827.15,827.6,37212
2025-11-10 12:45:00+05:30,1762758600,827.7,829.0,827.5,828.15,100352
2025-11-10 12:50:00+05:30,1762758900,827.95,828.5,827.5,827.85,97715
2025-11-10 12:55:00+05:30,1762759200,827.95,828.9,827.75,828.3,48375
2025-11-10 13:00:00+05:30,1762759500,828.25,828.5,827.5,827.55,100796
2025-11-10 13:05:00+05:30,1762759800,827.55,828.0,826.5,827.45,70252
2025-11-10 13:10:00+05:30,1762760100,827.4,827.45,826.0,826.6,36147
2025-11-10 13:15:00+05:30,1762760400,826.6,826.65,825.2,825.5,41598
2025-11-10 13:20:00+05:30,1762760700,825.5,826.35,824.8,825.5,49013
2025-11-10 13:25:00+05:30,1762761000,825.5,826.1,824.3,826.0,75184
2025-11-10 13:30:00+05:30,1762761300,826.1,828.5,825.45,828.45,125168
2025-11-10 13:35:00+05:30,1762761600,828.35,828.8,827.45,828.1,46196
2025-11-10 13:40:00+05:30,1762761900,828.05,828.45,827.85,828.45,52675
2025-11-10 13:45:00+05:30,1762762200,828.3,828.45,826.35,826.5,42093
2025-11-10 13:50:00+05:30,1762762500,826.55,827.95,825.95,827.95,94992
2025-11-10 13:55:00+05:30,1762762800,827.8,827.95,826.2,826.5,34373
2025-11-10 14:00:00+05:30,1762763100,826.9,826.9,825.65,825.65,28824
2025-11-10 14:05:00+05:30,1762763400,825.7,826.65,825.5,826.4,52346
2025-11-10 14:10:00+05:30,1762763700,826.45,827.3,825.6,825.7,57068
2025-11-10 14:15:00+05:30,1762764000,825.8,826.0,824.6,824.75,38805
2025-11-10 14:20:00+05:30,1762764300,824.75,825.8,824.75,825.3,74289
2025-11-10 14:25:00+05:30,1762764600,825.25,826.75,825.05,826.7,67097
2025-11-10 14:30:00+05:30,1762764900,826.7,828.4,825.3,828.4,131852
2025-11-10 14:35:00+05:30,1762765200,828.4,828.85,827.5,827.5,97080
2025-11-10 14:40:00+05:30,1762765500,827.5,827.9,827.2,827.5,88716
2025-11-10 14:45:00+05:30,1762765800,827.65,827.65,826.4,826.85,64065
2025-11-10 14:50:00+05:30,1762766100,826.95,827.05,825.45,825.5,78094
2025-11-10 14:55:00+05:30,1762766400,825.75,825.75,824.7,825.2,54051
2025-11-10 15:00:00+05:30,1762766700,825.25,826.45,824.05,824.35,59065
2025-11-10 15:05:00+05:30,1762767000,824.4,824.4,822.25,822.95,204439
2025-11-10 15:10:00+05:30,1762767300,823.0,823.1,820.2,821.45,331558
2025-11-10 15:15:00+05:30,1762767600,821.45,822.0,820.8,821.55,293649
2025-11-10 15:20:00+05:30,1762767900,821.55,821.7,820.3,820.35,302520
2025-11-10 15:25:00+05:30,1762768200,820.4,821.3,820.1,820.8,277544
2025-11-10 15:30:00+05:30,1762768500,820.7,821.0,817.4,820.9,240734
2025-11-11 09:20:00+05:30,1762832700,821.1,822.8,817.0,817.6,330236
2025-11-11 09:25:00+05:30,1762833000,817.7,820.25,815.1,815.9,304338
2025-11-11 09:30:00+05:30,1762833300,815.65,817.5,815.05,816.4,182860
2025-11-11 09:35:00+05:30,1762833600,816.1,816.45,813.3,814.25,181786
2025-11-11 09:40:00+05:30,1762833900,814.25,814.25,810.85,813.5,264372
2025-11-11 09:45:00+05:30,1762834200,813.5,817.85,813.0,817.0,267415
2025-11-11 09:50:00+05:30,1762834500,817.1,817.1,815.15,815.55,73682
2025-11-11 09:55:00+05:30,1762834800,815.65,815.65,811.6,811.65,83296
2025-11-11 10:00:00+05:30,1762835100,811.6,813.3,811.0,812.05,124046
2025-11-11 10:05:00+05:30,1762835400,812.2,812.2,807.25,808.75,123301
2025-11-11 10:10:00+05:30,1762835700,808.65,809.1,804.05,805.3,133898
2025-11-11 10:15:00+05:30,1762836000,805.3,806.35,804.35,806.25,59623
2025-11-11 10:20:00+05:30,1762836300,806.3,807.85,805.15,807.6,112233
2025-11-11 10:25:00+05:30,1762836600,807.6,809.0,807.6,808.25,115354
2025-11-11 10:30:00+05:30,1762836900,808.5,808.9,808.25,808.45,36564
2025-11-11 10:35:00+05:30,1762837200,808.45,808.9,806.8,808.55,45882
2025-11-11 10:40:00+05:30,1762837500,808.55,810.75,807.1,809.75,118111
2025-11-11 10:45:00+05:30,1762837800,809.9,810.0,807.4,808.0,74211
2025-11-11 10:50:00+05:30,1762838100,808.0,808.25,807.5,807.85,41559
2025-11-11 10:55:00+05:30,1762838400,807.9,808.15,806.75,807.65,45325
2025-11-11 11:00:00+05:30,1762838700,807.6,809.0,807.4,808.95,59605
2025-11-11 11:05:00+05:30,1762839000,808.95,810.0,808.65,809.95,149335
2025-11-11 11:10:00+05:30,1762839300,809.95,810.0,809.25,809.85,47657
2025-11-11 11:15:00+05:30,1762839600,809.8,810.0,809.25,809.35,48842
2025-11-11 11:20:00+05:30,1762839900,809.35,810.05,809.25,809.5,93322
2025-11-11 11:25:00+05:30,1762840200,809.5,809.65,808.95,809.4,39603
2025-11-11 11:30:00+05:30,1762840500,809.4,809.8,808.55,809.0,52513
2025-11-11 11:35:00+05:30,1762840800,808.85,809.05,807.95,808.4,44067
2025-11-11 11:40:00+05:30,1762841100,808.5,808.8,806.35,807.5,117387
2025-11-11 11:45:00+05:30,1762841400,807.45,809.6,807.45,809.6,58715
2025-11-11 11:50:00+05:30,1762841700,809.55,816.6,809.5,816.45,102028
2025-11-11 11:55:00+05:30,1762842000,817.35,819.95,816.55,819.0,140007
2025-11-11 12:00:00+05:30,1762842300,819.0,820.0,818.6,819.05,71166
2025-11-11 12:05:00+05:30,1762842600,819.05,822.0,819.05,820.95,105318
2025-11-11 12:10:00+05:30,1762842900,821.1,821.5,820.0,820.5,65782
2025-11-11 12:15:00+05:30,1762843200,820.3,820.9,820.0,820.2,96327
2025-11-11 12:20:00+05:30,1762843500,820.1,820.6,819.15,820.15,44242
2025-11-11 12:25:00+05:30,1762843800,820.1,820.9,818.95,819.2,52692
2025-11-11 12:30:00+05:30,1762844100,819.2,820.25,818.75,820.25,46540
2025-11-11 12:35:00+05:30,1762844400,820.25,822.0,820.0,821.5,48373
2025-11-11 12:40:00+05:30,1762844700,821.5,821.95,820.7,820.7,56161
2025-11-11 12:45:00+05:30,1762845000,821.05,821.6,820.35,821.45,47199
2025-11-11 12:50:00+05:30,1762845300,821.6,822.3,821.4,822.05,59200
2025-11-11 12:55:00+05:30,1762845600,822.0,822.7,821.75,822.25,48182
2025-11-11 13:00:00+05:30,1762845900,822.25,822.45,821.65,822.2,40015
2025-11-11 13:05:00+05:30,1762846200,822.2,822.45,820.85,820.85,39774
2025-11-11 13:10:00+05:30,1762846500,820.9,822.05,820.55,821.25,40396
2025-11-11 13:15:00+05:30,1762846800,821.3,824.45,821.3,823.8,124025
2025-11-11 13:20:00+05:30,1762847100,823.75,826.8,823.6,826.3,79638
2025-11-11 13:25:00+05:30,1762847400,826.4,827.0,825.3,826.95,119189
2025-11-11 13:30:00+05:30,1762847700,826.95,828.65,826.65,828.1,149357
2025-11-11 13:35:00+05:30,1762848000,828.05,832.0,827.7,829.35,124437
2025-11-11 13:40:00+05:30,1762848300,829.35,830.45,828.8,830.2,131907
2025-11-11 13:45:00+05:30,1762848600,830.2,830.85,829.1,830.05,92948
2025-11-11 13:50:00+05:30,1762848900,830.05,830.7,828.55,828.7,59891
2025-11-11 13:55:00+05:30,1762849200,828.7,829.8,828.6,829.3,40964
2025-11-11 14:00:00+05:30,1762849500,829.3,829.45,828.0,828.45,75876
2025-11-11 14:05:00+05:30,1762849800,828.45,829.25,828.2,828.8,55640
2025-11-11 14:10:00+05:30,1762850100,828.95,829.95,828.75,829.8,64282
2025-11-11 14:15:00+05:30,1762850400,829.85,830.15,829.5,830.0,53887
2025-11-11 14:20:00+05:30,1762850700,829.85,832.0,829.8,832.0,74606
2025-11-11 14:25:00+05:30,1762851000,832.0,833.05,831.0,831.9,142742
2025-11-11 14:30:00+05:30,1762851300,831.75,832.0,831.1,831.8,65701
2025-11-11 14:35:00+05:30,1762851600,831.75,832.2,831.15,831.7,55707
2025-11-11 14:40:00+05:30,1762851900,831.7,832.3,830.95,831.05,122097
2025-11-11 14:45:00+05:30,1762852200,831.0,832.15,830.95,832.1,52908
2025-11-11 14:50:00+05:30,1762852500,831.8,832.45,831.05,831.15,64853
2025-11-11 14:55:00+05:30,1762852800,831.05,832.2,831.0,831.75,85634
2025-11-11 15:00:00+05:30,1762853100,832.0,832.0,831.05,831.5,60271
2025-11-11 15:05:00+05:30,1762853400,831.5,832.45,831.3,832.0,99500
2025-11-11 15:10:00+05:30,1762853700,832.0,832.5,831.65,832.0,122762
2025-11-11 15:15:00+05:30,1762854000,832.0,833.3,831.85,832.65,172901
2025-11-11 15:20:00+05:30,1762854300,832.65,833.05,831.3,831.3,189238
2025-11-11 15:25:00+05:30,1762854600,831.3,833.0,830.85,832.05,164714
2025-11-11 15:30:00+05:30,1762854900,832.3,833.0,830.2,831.0,146507
2025-11-12 09:20:00+05:30,1762919100,832.3,838.65,832.3,834.4,346208
2025-11-12 09:25:00+05:30,1762919400,834.2,835.6,828.55,830.2,197082
2025-11-12 09:30:00+05:30,1762919700,829.65,829.7,827.35,827.35,146478
2025-11-12 09:35:00+05:30,1762920000,827.5,827.95,825.35,825.5,94184
2025-11-12 09:40:00+05:30,1762920300,825.65,826.05,824.3,825.25,63945
2025-11-12 09:45:00+05:30,1762920600,825.0,825.85,824.75,825.2,49830
2025-11-12 09:50:00+05:30,1762920900,825.2,830.3,825.15,829.25,144829
2025-11-12 09:55:00+05:30,1762921200,829.55,829.55,827.35,827.6,44860
2025-11-12 10:00:00+05:30,1762921500,827.7,828.7,827.6,828.0,26722
2025-11-12 10:05:00+05:30,1762921800,827.8,828.0,826.0,826.0,29536
2025-11-12 10:10:00+05:30,1762922100,826.0,826.75,825.8,826.35,19901
2025-11-12 10:15:00+05:30,1762922400,826.3,826.45,825.3,825.65,30259
2025-11-12 10:20:00+05:30,1762922700,826.05,826.05,825.0,825.25,79783
2025-11-12 10:25:00+05:30,1762923000,825.15,827.0,825.0,826.4,38041
2025-11-12 10:30:00+05:30,1762923300,826.5,826.6,825.3,825.35,24724
2025-11-12 10:35:00+05:30,1762923600,825.3,826.25,825.1,825.8,79593
2025-11-12 10:40:00+05:30,1762923900,825.8,827.95,825.8,826.85,27775
2025-11-12 10:45:00+05:30,1762924200,827.0,827.5,826.5,826.5,14134
2025-11-12 10:50:00+05:30,1762924500,826.6,827.45,826.05,827.15,17288
2025-11-12 10:55:00+05:30,1762924800,827.0,827.65,826.8,827.25,15485
2025-11-12 11:00:00+05:30,1762925100,827.4,827.95,826.55,826.55,17464
2025-11-12 11:05:00+05:30,1762925400,826.7,826.7,825.55,825.55,17620
2025-11-12 11:10:00+05:30,1762925700,825.55,826.25,825.45,825.75,15861
2025-11-12 11:15:00+05:30,1762926000,825.75,826.85,825.7,825.7,24299
2025-11-12 11:20:00+05:30,1762926300,825.85,826.0,825.3,825.4,26837
2025-11-12 11:25:00+05:30,1762926600,825.3,826.2,825.1,825.6,22835
2025-11-12 11:30:00+05:30,1762926900,825.75,826.0,825.05,825.1,21612
2025-11-12 11:35:00+05:30,1762927200,825.3,826.1,825.1,825.7,15023
2025-11-12 11:40:00+05:30,1762927500,825.7,826.35,825.2,825.45,11084
2025-11-12 11:45:00+05:30,1762927800,825.2,825.65,825.1,825.5,15186
2025-11-12 11:50:00+05:30,1762928100,825.3,827.5,825.2,826.8,22592
2025-11-12 11:55:00+05:30,1762928400,826.95,828.1,826.3,826.45,36600
2025-11-12 12:00:00+05:30,1762928700,826.7,827.0,826.2,826.3,12489
2025-11-12 12:05:00+05:30,1762929000,826.45,827.2,826.0,827.05,19050
2025-11-12 12:10:00+05:30,1762929300,827.05,827.8,826.45,827.75,25374
2025-11-12 12:15:00+05:30,1762929600,827.75,827.85,826.3,826.3,13595
2025-11-12 12:20:00+05:30,1762929900,826.35,827.1,826.05,826.7,9817
2025-11-12 12:25:00+05:30,1762930200,826.8,828.7,826.7,828.15,44699
2025-11-12 12:30:00+05:30,1762930500,828.15,828.6,827.55,827.6,15176
2025-11-12 12:35:00+05:30,1762930800,827.6,828.05,827.2,827.85,21597
2025-11-12 12:40:00+05:30,1762931100,827.75,828.9,827.4,828.85,194298
2025-11-12 12:45:00+05:30,1762931400,828.85,831.05,828.6,830.0,66867
2025-11-12 12:50:00+05:30,1762931700,830.0,830.15,828.2,828.2,26270
2025-11-12 12:55:00+05:30,1762932000,828.45,828.7,827.2,827.65,29485
2025-11-12 13:00:00+05:30,1762932300,827.65,828.45,827.6,827.7,12801
2025-11-12 13:05:00+05:30,1762932600,827.65,827.7,826.55,827.3,19253
2025-11-12 13:10:00+05:30,1762932900,827.05,829.65,826.8,829.3,21324
2025-11-12 13:15:00+05:30,1762933200,829.55,829.75,828.5,828.7,15829
2025-11-12 13:20:00+05:30,1762933500,828.75,829.35,828.5,828.55,15960
2025-11-12 13:25:00+05:30,1762933800,828.8,829.1,828.25,828.3,13319
2025-11-12 13:30:00+05:30,1762934100,828.45,828.45,827.5,827.8,15869
2025-11-12 13:35:00+05:30,1762934400,827.65,828.05,827.0,827.4,15914
2025-11-12 13:40:00+05:30,1762934700,827.4,829.0,827.0,828.75,29983
2025-11-12 13:45:00+05:30,1762935000,828.8,828.95,827.0,827.35,36119
2025-11-12 13:50:00+05:30,1762935300,827.2,828.15,827.2,827.5,19106
2025-11-12 13:55:00+05:30,1762935600,827.75,827.8,827.1,827.25,20886
2025-11-12 14:00:00+05:30,1762935900,827.4,827.45,826.55,826.7,20012
2025-11-12 14:05:00+05:30,1762936200,826.55,826.7,825.6,825.75,28298
2025-11-12 14:10:00+05:30,1762936500,825.7,826.15,825.2,825.25,56539
2025-11-12 14:15:00+05:30,1762936800,825.2,826.6,825.0,826.5,35499
2025-11-12 14:20:00+05:30,1762937100,826.35,827.15,826.15,826.9,21141
2025-11-12 14:25:00+05:30,1762937400,827.0,827.0,825.85,825.95,26520
2025-11-12 14:30:00+05:30,1762937700,825.95,827.0,825.35,825.35,59109
2025-11-12 14:35:00+05:30,1762938000,825.35,826.0,825.0,825.75,35136
2025-11-12 14:40:00+05:30,1762938300,825.75,826.15,824.7,825.0,42127
2025-11-12 14:45:00+05:30,1762938600,825.0,825.0,824.1,824.9,96864
2025-11-12 14:50:00+05:30,1762938900,825.0,825.25,824.3,824.5,61642
2025-11-12 14:55:00+05:30,1762939200,824.4,824.4,822.75,823.3,88784
2025-11-12 15:00:00+05:30,1762939500,823.4,824.75,823.0,824.45,90064
2025-11-12 15:05:00+05:30,1762939800,824.15,824.6,822.65,823.0,154674
2025-11-12 15:10:00+05:30,1762940100,822.9,824.15,822.35,823.0,208631
2025-11-12 15:15:00+05:30,1762940400,822.95,823.05,821.75,821.8,184151
2025-11-12 15:20:00+05:30,1762940700,821.95,822.6,821.4,822.25,234790
2025-11-12 15:25:00+05:30,1762941000,822.25,822.35,821.5,821.55,170168
2025-11-12 15:30:00+05:30,1762941300,821.8,823.4,821.6,822.1,155936
2025-11-13 09:20:00+05:30,1763005500,826.0,826.0,815.05,819.35,314934
2025-11-13 09:25:00+05:30,1763005800,819.35,822.35,816.8,821.6,138002
2025-11-13 09:30:00+05:30,1763006100,821.6,826.35,821.05,822.25,135123
2025-11-13 09:35:00+05:30,1763006400,822.25,822.25,818.5,818.6,245145
2025-11-13 09:40:00+05:30,1763006700,818.5,819.85,818.4,819.7,51476
2025-11-13 09:45:00+05:30,1763007000,820.0,820.9,819.1,820.7,45743
2025-11-13 09:50:00+05:30,1763007300,820.7,820.8,818.6,819.9,44096
2025-11-13 09:55:00+05:30,1763007600,819.25,819.9,817.9,818.1,36280
2025-11-13 10:00:00+05:30,1763007900,818.35,818.95,818.0,818.75,29546
2025-11-13 10:05:00+05:30,1763008200,818.7,819.4,812.1,813.8,239489
2025-11-13 10:10:00+05:30,1763008500,814.2,816.7,813.0,814.35,90304
2025-11-13 10:15:00+05:30,1763008800,814.45,815.6,813.55,815.25,59204
2025-11-13 10:20:00+05:30,1763009100,815.5,815.5,811.7,812.2,112385
2025-11-13 10:25:00+05:30,1763009400,812.6,816.3,812.35,815.5,73388
2025-11-13 10:30:00+05:30,1763009700,815.55,815.55,810.1,810.15,96724
2025-11-13 10:35:00+05:30,1763010000,810.55,812.8,809.75,812.75,595652
2025-11-13 10:40:00+05:30,1763010300,812.4,813.15,811.0,811.9,287692
2025-11-13 10:45:00+05:30,1763010600,811.9,814.25,810.5,813.3,358432
2025-11-13 10:50:00+05:30,1763010900,813.6,815.0,811.25,814.65,55566
2025-11-13 10:55:00+05:30,1763011200,814.65,815.2,812.4,812.7,67850
2025-11-13 11:00:00+05:30,1763011500,812.7,815.0,812.45,814.75,30406
2025-11-13 11:05:00+05:30,1763011800,814.85,815.6,813.0,813.55,67583
2025-11-13 11:10:00+05:30,1763012100,813.55,815.35,813.05,814.35,64855
2025-11-13 11:15:00+05:30,1763012400,814.35,815.0,813.65,813.8,31309
2025-11-13 11:20:00+05:30,1763012700,813.75,813.75,812.65,813.45,30323
2025-11-13 11:25:00+05:30,1763013000,813.35,818.55,813.35,817.5,148800
2025-11-13 11:30:00+05:30,1763013300,817.6,817.85,815.35,815.4,41061
2025-11-13 11:35:00+05:30,1763013600,815.4,815.75,814.4,815.35,27575
2025-11-13 11:40:00+05:30,1763013900,815.35,815.9,814.45,814.5,24727
2025-11-13 11:45:00+05:30,1763014200,814.7,815.1,812.65,813.45,30334
2025-11-13 11:50:00+05:30,1763014500,813.45,814.6,812.45,813.6,39373
2025-11-13 11:55:00+05:30,1763014800,813.6,814.65,813.6,813.8,24196
2025-11-13 12:00:00+05:30,1763015100,813.7,814.5,813.15,814.5,17123
2025-11-13 12:05:00+05:30,1763015400,814.65,814.9,813.8,814.9,23152
2025-11-13 12:10:00+05:30,1763015700,814.85,815.55,814.65,815.3,86842
2025-11-13 12:15:00+05:30,1763016000,815.35,818.1,815.0,818.0,86010
2025-11-13 12:20:00+05:30,1763016300,818.05,819.0,816.2,816.7,50983
2025-11-13 12:25:00+05:30,1763016600,816.7,818.6,816.5,818.25,29971
2025-11-13 12:30:00+05:30,1763016900,818.25,818.5,816.0,817.95,44873
2025-11-13 12:35:00+05:30,1763017200,817.8,818.0,813.05,814.0,41190
2025-11-13 12:40:00+05:30,1763017500,814.0,814.4,813.0,813.65,31007
2025-11-13 12:45:00+05:30,1763017800,813.65,813.8,812.1,812.45,31849
2025-11-13 12:50:00+05:30,1763018100,812.45,813.25,812.0,813.25,30202
2025-11-13 12:55:00+05:30,1763018400,813.6,814.15,811.65,814.1,46028
2025-11-13 13:00:00+05:30,1763018700,814.1,815.75,813.9,815.4,33776
2025-11-13 13:05:00+05:30,1763019000,815.4,817.25,815.0,816.85,33047
2025-11-13 13:10:00+05:30,1763019300,817.0,818.75,816.85,817.9,122111
2025-11-13 13:15:00+05:30,1763019600,817.9,819.0,817.5,818.0,67445
2025-11-13 13:20:00+05:30,1763019900,818.05,818.05,817.4,817.9,31724
2025-11-13 13:25:00+05:30,1763020200,817.8,818.0,816.1,816.25,67605
2025-11-13 13:30:00+05:30,1763020500,816.25,817.0,815.8,816.8,29588
2025-11-13 13:35:00+05:30,1763020800,816.8,816.8,815.2,815.75,27748
2025-11-13 13:40:00+05:30,1763021100,815.8,816.3,815.4,815.45,27072
2025-11-13 13:45:00+05:30,1763021400,815.55,816.55,814.65,814.7,60083
2025-11-13 13:50:00+05:30,1763021700,815.0,815.5,814.45,814.9,24289
2025-11-13 13:55:00+05:30,1763022000,814.95,815.0,811.5,812.0,47552
2025-11-13 14:00:00+05:30,1763022300,811.9,812.45,811.5,811.65,60669
2025-11-13 14:05:00+05:30,1763022600,811.5,812.05,810.2,810.5,78507
2025-11-13 14:10:00+05:30,1763022900,810.5,815.5,810.45,814.9,81695
2025-11-13 14:15:00+05:30,1763023200,814.95,816.5,813.0,814.65,145710
2025-11-13 14:20:00+05:30,1763023500,814.65,815.95,814.45,815.6,35369
2025-11-13 14:25:00+05:30,1763023800,815.6,815.85,814.55,815.2,55080
2025-11-13 14:30:00+05:30,1763024100,815.2,815.8,814.4,815.55,24362
2025-11-13 14:35:00+05:30,1763024400,815.55,816.1,814.9,815.1,55985
2025-11-13 14:40:00+05:30,1763024700,815.1,816.0,814.2,814.6,32878
2025-11-13 14:45:00+05:30,1763025000,814.6,817.0,814.55,816.7,64576
2025-11-13 14:50:00+05:30,1763025300,816.0,816.4,814.7,814.9,34655
2025-11-13 14:55:00+05:30,1763025600,814.9,814.9,813.5,814.35,44660
2025-11-13 15:00:00+05:30,1763025900,814.35,814.8,812.2,812.75,42409
2025-11-13 15:05:00+05:30,1763026200,812.6,814.8,812.5,814.35,67841
2025-11-13 15:10:00+05:30,1763026500,814.35,814.6,813.8,814.15,55764
2025-11-13 15:15:00+05:30,1763026800,813.95,814.65,813.65,814.55,76781
2025-11-13 15:20:00+05:30,1763027100,814.6,814.9,813.7,813.9,124045
2025-11-13 15:25:00+05:30,1763027400,813.95,814.45,813.6,814.0,69352
2025-11-13 15:30:00+05:30,1763027700,813.95,814.3,813.3,813.5,164774
2025-11-14 09:20:00+05:30,1763091900,809.5,817.95,809.45,813.85,274454
2025-11-14 09:25:00+05:30,1763092200,813.3,813.3,808.45,809.45,138460
2025-11-14 09:30:00+05:30,1763092500,809.45,813.0,809.45,812.0,67671
2025-11-14 09:35:00+05:30,1763092800,812.0,812.9,811.15,812.7,64621
2025-11-14 09:40:00+05:30,1763093100,812.3,812.45,809.75,810.3,117246
2025-11-14 09:45:00+05:30,1763093400,810.3,811.05,809.5,810.65,58738
2025-11-14 09:50:00+05:30,1763093700,811.0,811.1,809.4,809.7,135879
2025-11-14 09:55:00+05:30,1763094000,809.8,810.0,807.7,808.7,60245
2025-11-14 10:00:00+05:30,1763094300,809.0,810.0,808.4,809.95,26115
2025-11-14 10:05:00+05:30,1763094600,809.85,810.0,808.1,808.6,26415
2025-11-14 10:10:00+05:30,1763094900,808.9,810.0,808.4,809.0,62700
2025-11-14 10:15:00+05:30,1763095200,809.0,810.1,808.75,809.5,44206
2025-11-14 10:20:00+05:30,1763095500,809.4,809.9,808.75,809.0,30452
2025-11-14 10:25:00+05:30,1763095800,808.9,810.95,808.55,808.8,77350
2025-11-14 10:30:00+05:30,1763096100,808.55,808.8,807.4,807.6,23974
2025-11-14 10:35:00+05:30,1763096400,807.5,808.0,805.85,807.05,91772
2025-11-14 10:40:00+05:30,1763096700,807.05,807.05,804.1,804.1,72824
2025-11-14 10:45:00+05:30,1763097000,804.15,805.75,803.9,805.45,89704
2025-11-14 10:50:00+05:30,1763097300,805.45,809.4,805.45,809.4,168282
2025-11-14 10:55:00+05:30,1763097600,809.35,810.65,808.4,810.4,124713
2025-11-14 11:00:00+05:30,1763097900,810.4,813.75,809.6,812.85,119743
2025-11-14 11:05:00+05:30,1763098200,813.0,813.5,811.05,811.45,44518
2025-11-14 11:10:00+05:30,1763098500,811.65,812.0,810.5,811.2,41661
2025-11-14 11:15:00+05:30,1763098800,811.2,811.95,809.85,809.85,47634
2025-11-14 11:20:00+05:30,1763099100,809.95,810.85,808.9,809.15,41690
2025-11-14 11:25:00+05:30,1763099400,809.15,809.15,807.05,807.55,50702
2025-11-14 11:30:00+05:30,1763099700,807.5,808.95,807.3,808.55,24100
2025-11-14 11:35:00+05:30,1763100000,808.5,809.2,808.1,808.45,33477
2025-11-14 11:40:00+05:30,1763100300,808.5,809.35,808.05,808.3,23277
2025-11-14 11:45:00+05:30,1763100600,808.3,808.55,807.3,807.6,27251
2025-11-14 11:50:00+05:30,1763100900,807.8,808.55,807.0,808.4,28151
2025-11-14 11:55:00+05:30,1763101200,808.55,808.95,807.8,808.0,27065
2025-11-14 12:00:00+05:30,1763101500,808.3,808.35,807.25,807.4,26165
2025-11-14 12:05:00+05:30,1763101800,807.6,809.5,807.4,808.7,43629
2025-11-14 12:10:00+05:30,1763102100,808.95,809.85,808.35,809.0,45034
2025-11-14 12:15:00+05:30,1763102400,809.0,812.1,808.9,809.75,143620
2025-11-14 12:20:00+05:30,1763102700,809.75,810.0,807.75,808.4,108372
2025-11-14 12:25:00+05:30,1763103000,808.4,809.5,808.1,809.25,55655
2025-11-14 12:30:00+05:30,1763103300,809.25,810.0,808.75,809.7,44625
2025-11-14 12:35:00+05:30,1763103600,809.7,810.15,809.1,809.9,41098
2025-11-14 12:40:00+05:30,1763103900,810.05,813.35,809.85,812.15,166255
2025-11-14 12:45:00+05:30,1763104200,812.15,814.8,811.9,813.65,110792
2025-11-14 12:50:00+05:30,1763104500,813.65,814.0,812.9,813.7,39097
2025-11-14 12:55:00+05:30,1763104800,813.7,814.0,812.1,812.15,51144
2025-11-14 13:00:00+05:30,1763105100,812.15,813.75,812.05,812.55,54775
2025-11-14 13:05:00+05:30,1763105400,812.55,812.9,811.0,811.05,40525
2025-11-14 13:10:00+05:30,1763105700,811.05,811.4,810.4,810.65,20038
2025-11-14 13:15:00+05:30,1763106000,810.65,811.3,810.4,811.3,30172
2025-11-14 13:20:00+05:30,1763106300,811.0,811.3,810.7,811.05,23946
2025-11-14 13:25:00+05:30,1763106600,811.0,811.75,810.55,811.6,65595
2025-11-14 13:30:00+05:30,1763106900,811.6,811.95,810.3,810.95,52934
2025-11-14 13:35:00+05:30,1763107200,810.85,812.65,810.3,811.45,69735
2025-11-14 13:40:00+05:30,1763107500,811.15,811.45,808.4,808.4,27326
2025-11-14 13:45:00+05:30,1763107800,808.4,809.25,808.3,808.7,34741
2025-11-14 13:50:00+05:30,1763108100,808.7,809.0,808.2,808.8,28732
2025-11-14 13:55:00+05:30,1763108400,809.0,809.0,807.75,807.85,46731
2025-11-14 14:00:00+05:30,1763108700,807.85,809.0,807.85,808.3,37385
2025-11-14 14:05:00+05:30,1763109000,808.3,808.9,808.3,808.6,31734
2025-11-14 14:10:00+05:30,1763109300,808.55,809.1,807.75,807.95,42549
2025-11-14 14:15:00+05:30,1763109600,807.9,808.5,807.35,808.3,24782
2025-11-14 14:20:00+05:30,1763109900,808.1,808.35,807.25,807.65,31494
2025-11-14 14:25:00+05:30,1763110200,807.55,807.9,806.6,807.15,60569
2025-11-14 14:30:00+05:30,1763110500,807.45,809.0,806.8,808.95,44216
2025-11-14 14:35:00+05:30,1763110800,808.8,809.15,808.0,808.25,37771
2025-11-14 14:40:00+05:30,1763111100,808.45,809.65,808.2,809.3,54409
2025-11-14 14:45:00+05:30,1763111400,809.15,809.65,808.3,808.65,48917
2025-11-14 14:50:00+05:30,1763111700,808.8,810.6,808.5,808.9,79702
2025-11-14 14:55:00+05:30,1763112000,808.8,809.05,807.35,807.8,110060
2025-11-14 15:00:00+05:30,1763112300,808.1,808.4,807.65,808.1,38884
2025-11-14 15:05:00+05:30,1763112600,808.3,810.0,808.3,809.85,182241
2025-11-14 15:10:00+05:30,1763112900,809.85,809.95,808.9,809.55,189716
2025-11-14 15:15:00+05:30,1763113200,809.55,809.6,809.05,809.45,181692
2025-11-14 15:20:00+05:30,1763113500,809.45,809.55,808.45,809.2,412788
2025-11-14 15:25:00+05:30,1763113800,809.4,809.9,809.2,809.5,166567
2025-11-14 15:30:00+05:30,1763114100,809.5,809.65,808.0,808.05,250482
2025-11-17 09:20:00+05:30,1763351100,809.0,820.55,808.6,819.5,181467
2025-11-17 09:25:00+05:30,1763351400,819.45,821.8,816.1,816.45,340209
2025-11-17 09:30:00+05:30,1763351700,816.45,819.7,815.2,817.8,180696
2025-11-17 09:35:00+05:30,1763352000,817.4,818.6,813.85,814.55,145996
2025-11-17 09:40:00+05:30,1763352300,814.55,818.0,813.65,818.0,92490
2025-11-17 09:45:00+05:30,1763352600,818.0,820.5,817.3,820.5,95730
2025-11-17 09:50:00+05:30,1763352900,820.5,822.0,818.6,820.0,274966
2025-11-17 09:55:00+05:30,1763353200,820.1,825.0,820.1,821.55,401159
2025-11-17 10:00:00+05:30,1763353500,821.55,824.0,821.5,823.0,175822
2025-11-17 10:05:00+05:30,1763353800,823.0,825.2,823.0,823.4,114628
2025-11-17 10:10:00+05:30,1763354100,823.35,823.8,821.05,821.45,100488
2025-11-17 10:15:00+05:30,1763354400,821.4,823.35,820.75,823.35,89463
2025-11-17 10:20:00+05:30,1763354700,823.35,824.6,822.8,824.05,95054
2025-11-17 10:25:00+05:30,1763355000,824.05,825.0,823.65,824.25,60290
2025-11-17 10:30:00+05:30,1763355300,824.25,825.95,823.7,825.4,295281
2025-11-17 10:35:00+05:30,1763355600,825.5,826.35,824.3,825.3,151897
2025-11-17 10:40:00+05:30,1763355900,825.15,825.9,824.5,825.0,104818
2025-11-17 10:45:00+05:30,1763356200,825.0,825.3,823.75,824.85,184905
2025-11-17 10:50:00+05:30,1763356500,824.6,825.3,824.4,824.7,39858
2025-11-17 10:55:00+05:30,1763356800,824.95,824.95,823.9,824.5,33289
2025-11-17 11:00:00+05:30,1763357100,824.5,825.5,824.2,824.25,34521
2025-11-17 11:05:00+05:30,1763357400,824.25,828.35,824.0,825.65,222187
2025-11-17 11:10:00+05:30,1763357700,825.65,826.35,824.4,825.05,159014
2025-11-17 11:15:00+05:30,1763358000,825.05,825.15,824.65,825.15,38980
2025-11-17 11:20:00+05:30,1763358300,825.1,826.6,825.05,825.15,41975
2025-11-17 11:25:00+05:30,1763358600,825.15,825.65,824.2,825.0,43442
2025-11-17 11:30:00+05:30,1763358900,825.0,825.05,824.15,824.55,34212
2025-11-17 11:35:00+05:30,1763359200,824.6,825.6,823.1,823.85,64657
2025-11-17 11:40:00+05:30,1763359500,823.95,823.95,819.05,819.75,237691
2025-11-17 11:45:00+05:30,1763359800,819.5,822.15,818.55,822.0,88491
2025-11-17 11:50:00+05:30,1763360100,822.0,822.0,819.55,820.8,58623
2025-11-17 11:55:00+05:30,1763360400,820.9,821.5,819.95,821.25,36932
2025-11-17 12:00:00+05:30,1763360700,821.05,821.55,819.1,819.45,85320
2025-11-17 12:05:00+05:30,1763361000,819.45,821.5,819.35,820.0,129564
2025-11-17 12:10:00+05:30,1763361300,820.1,821.15,820.1,820.55,15970
2025-11-17 12:15:00+05:30,1763361600,820.7,820.8,820.55,820.7,13951
2025-11-17 12:20:00+05:30,1763361900,820.7,823.5,820.7,823.45,25301
2025-11-17 12:25:00+05:30,1763362200,823.45,823.75,821.75,821.75,43526
2025-11-17 12:30:00+05:30,1763362500,821.75,822.55,821.0,821.8,37093
2025-11-17 12:35:00+05:30,1763362800,821.8,822.25,821.25,821.65,22510
2025-11-17 12:40:00+05:30,1763363100,821.65,823.8,821.45,822.05,117885
2025-11-17 12:45:00+05:30,1763363400,822.05,822.55,821.85,822.05,14396
2025-11-17 12:50:00+05:30,1763363700,822.2,822.55,821.5,821.5,13662
2025-11-17 12:55:00+05:30,1763364000,821.5,822.35,821.2,821.9,18201
2025-11-17 13:00:00+05:30,1763364300,821.9,822.1,821.55,821.65,11412
2025-11-17 13:05:00+05:30,1763364600,821.7,822.6,819.8,820.05,124510
2025-11-17 13:10:00+05:30,1763364900,820.05,821.3,819.6,820.9,57930
2025-11-17 13:15:00+05:30,1763365200,820.95,821.6,820.05,820.85,43855
2025-11-17 13:20:00+05:30,1763365500,820.85,820.85,819.05,819.35,113528
2025-11-17 13:25:00+05:30,1763365800,819.35,821.25,819.1,819.25,75740
2025-11-17 13:30:00+05:30,1763366100,819.35,819.35,818.5,818.7,125719
2025-11-17 13:35:00+05:30,1763366400,818.7,820.05,818.65,818.65,50509
2025-11-17 13:40:00+05:30,1763366700,818.75,819.35,818.0,818.1,54020
2025-11-17 13:45:00+05:30,1763367000,818.05,818.85,817.8,818.05,48658
2025-11-17 13:50:00+05:30,1763367300,818.1,818.5,817.35,817.85,50420
2025-11-17 13:55:00+05:30,1763367600,817.6,818.35,817.55,818.15,29617
2025-11-17 14:00:00+05:30,1763367900,818.15,818.95,818.05,818.25,23353
2025-11-17 14:05:00+05:30,1763368200,818.3,818.4,817.6,817.7,58233
2025-11-17 14:10:00+05:30,1763368500,817.6,817.95,816.3,817.6,52466
2025-11-17 14:15:00+05:30,1763368800,817.65,818.25,817.4,817.95,21904
2025-11-17 14:20:00+05:30,1763369100,817.8,818.35,816.9,817.05,94482
2025-11-17 14:25:00+05:30,1763369400,817.05,818.25,817.05,817.9,67875
2025-11-17 14:30:00+05:30,1763369700,817.8,818.4,817.8,818.2,20718
2025-11-17 14:35:00+05:30,1763370000,818.15,818.15,817.6,817.75,22831
2025-11-17 14:40:00+05:30,1763370300,817.75,817.95,816.3,817.25,64360
2025-11-17 14:45:00+05:30,1763370600,817.45,817.45,816.5,816.55,21847
2025-11-17 14:50:00+05:30,1763370900,816.5,817.35,816.35,817.0,54518
2025-11-17 14:55:00+05:30,1763371200,817.05,817.2,816.8,816.95,24170
2025-11-17 15:00:00+05:30,1763371500,817.0,817.0,816.5,816.85,30214
2025-11-17 15:05:00+05:30,1763371800,816.85,816.95,815.5,815.6,128384
2025-11-17 15:10:00+05:30,1763372100,815.7,816.7,814.7,816.45,218133
2025-11-17 15:15:00+05:30,1763372400,816.3,818.3,816.0,817.7,304727
2025-11-17 15:20:00+05:30,1763372700,817.95,819.65,817.95,819.55,303249
2025-11-17 15:25:00+05:30,1763373000,819.5,821.1,817.7,817.9,251558
2025-11-17 15:30:00+05:30,1763373300,817.9,820.25,817.5,817.55,69050
2025-11-18 09:20:00+05:30,1763437500,820.0,820.0,810.0,813.0,200151
2025-11-18 09:25:00+05:30,1763437800,813.0,815.9,813.0,815.85,79404
2025-11-18 09:30:00+05:30,1763438100,815.9,817.3,815.55,816.7,75151
2025-11-18 09:35:00+05:30,1763438400,816.9,818.4,816.0,817.95,100706
2025-11-18 09:40:00+05:30,1763438700,817.9,821.95,817.5,819.25,311970
2025-11-18 09:45:00+05:30,1763439000,819.25,820.65,818.9,819.8,78857
2025-11-18 09:50:00+05:30,1763439300,820.05,820.7,818.45,819.3,234575
2025-11-18 09:55:00+05:30,1763439600,819.35,819.85,818.6,819.25,71523
2025-11-18 10:00:00+05:30,1763439900,819.25,819.85,818.7,819.15,33226
2025-11-18 10:05:00+05:30,1763440200,819.15,820.15,818.8,819.55,66567
2025-11-18 10:10:00+05:30,1763440500,819.65,820.85,818.65,820.5,257127
2025-11-18 10:15:00+05:30,1763440800,820.45,821.25,818.55,818.95,50929
2025-11-18 10:20:00+05:30,1763441100,819.0,820.45,818.55,820.15,46342
2025-11-18 10:25:00+05:30,1763441400,819.75,820.25,819.15,819.95,29680
2025-11-18 10:30:00+05:30,1763441700,820.1,823.5,819.95,822.0,133838
2025-11-18 10:35:00+05:30,1763442000,822.0,824.4,821.1,823.5,134238
2025-11-18 10:40:00+05:30,1763442300,823.55,825.6,822.05,825.25,106872
2025-11-18 10:45:00+05:30,1763442600,825.0,827.0,825.0,826.0,111219
2025-11-18 10:50:00+05:30,1763442900,826.2,826.45,824.55,825.95,143896
2025-11-18 10:55:00+05:30,1763443200,825.75,826.25,825.0,825.45,59254
2025-11-18 11:00:00+05:30,1763443500,825.05,826.5,825.0,825.9,67801
2025-11-18 11:05:00+05:30,1763443800,825.9,826.55,825.35,826.3,49612
2025-11-18 11:10:00+05:30,1763444100,826.35,827.7,825.25,826.4,149753
2025-11-18 11:15:00+05:30,1763444400,826.4,826.7,824.35,824.35,236370
2025-11-18 11:20:00+05:30,1763444700,824.4,825.0,824.0,824.7,48479
2025-11-18 11:25:00+05:30,1763445000,824.8,825.0,824.0,824.85,48910
2025-11-18 11:30:00+05:30,1763445300,824.65,825.0,822.6,822.9,71194
2025-11-18 11:35:00+05:30,1763445600,822.85,823.35,820.05,820.65,87158
2025-11-18 11:40:00+05:30,1763445900,820.65,821.2,820.4,820.55,31128
2025-11-18 11:45:00+05:30,1763446200,820.55,821.75,820.4,821.45,79974
2025-11-18 11:50:00+05:30,1763446500,822.1,822.65,821.2,822.0,63030
2025-11-18 11:55:00+05:30,1763446800,822.0,823.65,821.35,823.5,63921
2025-11-18 12:00:00+05:30,1763447100,823.0,823.3,822.1,822.15,24951
2025-11-18 12:05:00+05:30,1763447400,822.15,824.45,822.0,824.0,102387
2025-11-18 12:10:00+05:30,1763447700,824.0,824.1,822.2,822.35,30517
2025-11-18 12:15:00+05:30,1763448000,822.75,824.35,822.35,823.3,55244
2025-11-18 12:20:00+05:30,1763448300,823.3,823.6,821.5,821.95,118027
2025-11-18 12:25:00+05:30,1763448600,821.8,822.6,821.75,821.8,91587
2025-11-18 12:30:00+05:30,1763448900,821.85,823.8,821.3,823.05,55481
2025-11-18 12:35:00+05:30,1763449200,823.45,823.8,822.3,822.4,24906
2025-11-18 12:40:00+05:30,1763449500,822.4,822.45,821.3,821.85,25841
2025-11-18 12:45:00+05:30,1763449800,821.85,822.65,821.5,821.9,22712
2025-11-18 12:50:00+05:30,1763450100,821.9,821.9,818.95,820.4,140656
2025-11-18 12:55:00+05:30,1763450400,820.1,821.55,820.05,821.45,17120
2025-11-18 13:00:00+05:30,1763450700,821.45,823.5,820.95,821.4,152189
2025-11-18 13:05:00+05:30,1763451000,821.3,821.3,820.25,820.5,25495
2025-11-18 13:10:00+05:30,1763451300,820.5,821.65,820.3,821.2,21867
2025-11-18 13:15:00+05:30,1763451600,821.45,821.6,821.1,821.35,16792
2025-11-18 13:20:00+05:30,1763451900,821.15,821.95,821.15,821.5,28304
2025-11-18 13:25:00+05:30,1763452200,821.5,821.75,821.3,821.6,14367
2025-11-18 13:30:00+05:30,1763452500,821.55,821.75,821.15,821.5,15116
2025-11-18 13:35:00+05:30,1763452800,821.5,821.95,821.2,821.7,19975
2025-11-18 13:40:00+05:30,1763453100,821.35,822.0,821.3,821.75,18894
2025-11-18 13:45:00+05:30,1763453400,821.75,821.75,821.0,821.55,61862
2025-11-18 13:50:00+05:30,1763453700,821.55,822.0,821.15,821.95,44747
2025-11-18 13:55:00+05:30,1763454000,821.8,822.0,821.25,821.6,102880
2025-11-18 14:00:00+05:30,1763454300,821.9,822.5,821.45,822.4,44486
2025-11-18 14:05:00+05:30,1763454600,822.75,823.95,822.5,823.2,42368
2025-11-18 14:10:00+05:30,1763454900,823.2,826.75,823.15,824.45,186968
2025-11-18 14:15:00+05:30,1763455200,824.5,825.35,823.5,825.35,140938
2025-11-18 14:20:00+05:30,1763455500,825.2,825.95,824.8,825.3,34849
2025-11-18 14:25:00+05:30,1763455800,825.35,825.45,824.25,824.95,66535
2025-11-18 14:30:00+05:30,1763456100,824.85,825.0,823.4,824.15,86290
2025-11-18 14:35:00+05:30,1763456400,824.1,825.0,823.65,823.65,57882
2025-11-18 14:40:00+05:30,1763456700,823.95,824.15,822.7,823.5,67728
2025-11-18 14:45:00+05:30,1763457000,823.55,824.0,823.0,823.3,66494
2025-11-18 14:50:00+05:30,1763457300,823.4,823.7,822.55,822.7,40953
2025-11-18 14:55:00+05:30,1763457600,822.7,823.55,822.65,823.35,31015
2025-11-18 15:00:00+05:30,1763457900,823.15,823.75,821.65,821.9,111133
2025-11-18 15:05:00+05:30,1763458200,821.8,821.85,819.3,821.0,222907
2025-11-18 15:10:00+05:30,1763458500,821.0,821.7,820.2,820.6,187476
2025-11-18 15:15:00+05:30,1763458800,820.6,821.15,819.55,819.7,169619
2025-11-18 15:20:00+05:30,1763459100,819.8,820.1,819.05,819.1,215316
2025-11-18 15:25:00+05:30,1763459400,819.1,820.25,819.0,820.15,189801
2025-11-18 15:30:00+05:30,1763459700,819.95,823.0,819.7,823.0,150404
2025-11-19 09:20:00+05:30,1763523900,824.15,826.0,818.05,821.05,200411
2025-11-19 09:25:00+05:30,1763524200,820.3,824.0,819.0,823.3,99302
2025-11-19 09:30:00+05:30,1763524500,823.3,826.0,823.3,824.9,79941
2025-11-19 09:35:00+05:30,1763524800,824.3,826.7,823.25,823.35,111640
2025-11-19 09:40:00+05:30,1763525100,823.4,824.8,823.25,824.05,39616
2025-11-19 09:45:00+05:30,1763525400,823.9,824.2,821.0,821.45,61978
2025-11-19 09:50:00+05:30,1763525700,821.2,822.0,819.35,819.6,153148
2025-11-19 09:55:00+05:30,1763526000,819.35,822.2,818.65,822.0,45354
2025-11-19 10:00:00+05:30,1763526300,822.3,823.7,820.65,821.15,54454
2025-11-19 10:05:00+05:30,1763526600,821.1,821.8,819.0,821.6,49868
2025-11-19 10:10:00+05:30,1763526900,821.4,822.75,821.0,822.65,23435
2025-11-19 10:15:00+05:30,1763527200,822.65,823.5,822.5,823.15,27772
2025-11-19 10:20:00+05:30,1763527500,823.2,823.7,822.85,823.6,21580
2025-11-19 10:25:00+05:30,1763527800,823.55,824.0,823.0,823.2,24507
2025-11-19 10:30:00+05:30,1763528100,823.3,823.55,822.35,823.25,18632
2025-11-19 10:35:00+05:30,1763528400,823.2,823.65,821.7,822.65,33211
2025-11-19 10:40:00+05:30,1763528700,822.5,822.85,821.95,821.95,14120
2025-11-19 10:45:00+05:30,1763529000,821.95,822.0,820.2,820.4,25605
2025-11-19 10:50:00+05:30,1763529300,820.35,820.35,818.1,818.95,53882
2025-11-19 10:55:00+05:30,1763529600,818.9,820.4,818.55,819.6,16372
2025-11-19 11:00:00+05:30,1763529900,819.6,819.85,818.65,818.85,24493
2025-11-19 11:05:00+05:30,1763530200,819.3,819.9,818.5,818.75,18535
2025-11-19 11:10:00+05:30,1763530500,818.8,819.95,818.75,819.0,11588
2025-11-19 11:15:00+05:30,1763530800,818.95,819.85,818.1,819.65,20916
2025-11-19 11:20:00+05:30,1763531100,819.45,820.0,819.0,819.95,20222
2025-11-19 11:25:00+05:30,1763531400,819.9,820.0,819.3,819.75,16928
2025-11-19 11:30:00+05:30,1763531700,819.7,820.0,819.2,819.9,12662
2025-11-19 11:35:00+05:30,1763532000,819.9,820.0,819.3,819.55,15434
2025-11-19 11:40:00+05:30,1763532300,819.55,820.6,819.4,820.2,18369
2025-11-19 11:45:00+05:30,1763532600,820.2,822.25,820.2,820.9,26725
2025-11-19 11:50:00+05:30,1763532900,821.05,822.15,821.05,821.6,18465
2025-11-19 11:55:00+05:30,1763533200,821.6,822.1,821.45,821.8,24925
2025-11-19 12:00:00+05:30,1763533500,821.8,822.0,821.2,821.5,21881
2025-11-19 12:05:00+05:30,1763533800,821.45,822.3,821.25,822.15,20560
2025-11-19 12:10:00+05:30,1763534100,822.15,822.2,820.9,822.1,19143
2025-11-19 12:15:00+05:30,1763534400,821.95,822.3,821.1,821.4,55136
2025-11-19 12:20:00+05:30,1763534700,821.35,822.0,821.3,821.65,20146
2025-11-19 12:25:00+05:30,1763535000,821.7,822.0,821.25,821.95,27234
2025-11-19 12:30:00+05:30,1763535300,821.95,823.6,821.35,822.65,53567
2025-11-19 12:35:00+05:30,1763535600,822.65,823.75,822.5,823.65,41618
2025-11-19 12:40:00+05:30,1763535900,823.55,824.65,823.25,824.25,65265
2025-11-19 12:45:00+05:30,1763536200,824.4,824.6,823.8,824.0,35537
2025-11-19 12:50:00+05:30,1763536500,824.0,824.75,823.5,823.85,281389
2025-11-19 12:55:00+05:30,1763536800,823.95,824.25,823.15,823.8,32009
2025-11-19 13:00:00+05:30,1763537100,823.8,825.0,823.7,824.95,22383
2025-11-19 13:05:00+05:30,1763537400,824.95,825.75,824.05,825.7,60151
2025-11-19 13:10:00+05:30,1763537700,825.7,826.0,824.7,824.7,32062
2025-11-19 13:15:00+05:30,1763538000,824.85,825.25,823.0,824.5,137100
2025-11-19 13:20:00+05:30,1763538300,824.45,824.8,822.1,822.3,31096
2025-11-19 13:25:00+05:30,1763538600,822.3,822.6,822.0,822.55,27711
2025-11-19 13:30:00+05:30,1763538900,822.65,822.8,820.8,820.8,29189
2025-11-19 13:35:00+05:30,1763539200,821.2,821.75,820.6,820.7,21775
2025-11-19 13:40:00+05:30,1763539500,820.7,821.2,820.1,820.8,18300
2025-11-19 13:45:00+05:30,1763539800,820.75,821.1,819.55,820.1,75117
2025-11-19 13:50:00+05:30,1763540100,820.05,820.25,818.05,818.45,38506
2025-11-19 13:55:00+05:30,1763540400,818.45,819.0,818.2,818.35,26520
2025-11-19 14:00:00+05:30,1763540700,818.35,818.7,818.1,818.45,27978
2025-11-19 14:05:00+05:30,1763541000,818.3,818.8,816.95,818.65,125208
2025-11-19 14:10:00+05:30,1763541300,818.8,819.0,817.3,817.6,43341
2025-11-19 14:15:00+05:30,1763541600,817.45,819.0,817.35,818.6,24152
2025-11-19 14:20:00+05:30,1763541900,818.75,819.2,818.45,818.9,107168
2025-11-19 14:25:00+05:30,1763542200,818.95,819.0,818.25,818.7,17012
2025-11-19 14:30:00+05:30,1763542500,818.5,818.5,817.2,817.4,26535
2025-11-19 14:35:00+05:30,1763542800,817.55,818.35,817.0,817.6,34006
2025-11-19 14:40:00+05:30,1763543100,817.8,818.4,817.25,818.25,24988
2025-11-19 14:45:00+05:30,1763543400,818.35,819.8,817.85,819.25,91452
2025-11-19 14:50:00+05:30,1763543700,819.25,819.6,818.5,818.55,33200
2025-11-19 14:55:00+05:30,1763544000,818.5,819.0,818.0,818.0,29269
2025-11-19 15:00:00+05:30,1763544300,818.05,818.25,817.4,818.05,35873
2025-11-19 15:05:00+05:30,1763544600,818.1,818.8,818.1,818.6,44942
2025-11-19 15:10:00+05:30,1763544900,818.6,818.75,818.45,818.45,44987
2025-11-19 15:15:00+05:30,1763545200,818.5,818.8,818.0,818.55,63662
2025-11-19 15:20:00+05:30,1763545500,818.6,818.8,818.2,818.6,101687
2025-11-19 15:25:00+05:30,1763545800,818.6,818.65,816.7,816.7,149357
2025-11-19 15:30:00+05:30,1763546100,816.85,818.0,816.0,818.0,99373
2025-11-20 09:20:00+05:30,1763610300,822.0,823.0,818.2,818.75,133781
2025-11-20 09:25:00+05:30,1763610600,818.55,818.55,816.5,817.25,66968
2025-11-20 09:30:00+05:30,1763610900,817.25,818.8,817.25,818.75,48495
2025-11-20 09:35:00+05:30,1763611200,818.75,821.5,818.7,820.95,48041
2025-11-20 09:40:00+05:30,1763611500,820.9,821.35,820.5,820.6,17284
2025-11-20 09:45:00+05:30,1763611800,820.7,822.0,820.05,820.3,23567
2025-11-20 09:50:00+05:30,1763612100,820.25,821.4,820.0,820.55,14760
2025-11-20 09:55:00+05:30,1763612400,820.55,820.55,818.5,819.9,21593
2025-11-20 10:00:00+05:30,1763612700,819.8,820.0,818.6,818.85,22727
2025-11-20 10:05:00+05:30,1763613000,818.85,820.75,818.75,819.95,22429
2025-11-20 10:10:00+05:30,1763613300,819.95,821.4,819.5,821.4,37708
2025-11-20 10:15:00+05:30,1763613600,821.35,821.8,820.0,820.15,53225
2025-11-20 10:20:00+05:30,1763613900,820.15,821.3,820.1,820.8,19319
2025-11-20 10:25:00+05:30,1763614200,820.8,821.5,820.5,821.45,15706
2025-11-20 10:30:00+05:30,1763614500,821.45,822.7,820.3,821.3,28320
2025-11-20 10:35:00+05:30,1763614800,821.5,824.0,821.3,823.75,39375
2025-11-20 10:40:00+05:30,1763615100,823.75,824.0,822.2,823.0,32137
2025-11-20 10:45:00+05:30,1763615400,823.0,823.2,822.2,822.5,17676
2025-11-20 10:50:00+05:30,1763615700,822.7,822.7,822.0,822.0,15585
2025-11-20 10:55:00+05:30,1763616000,822.45,822.55,821.0,821.05,13483
2025-11-20 11:00:00+05:30,1763616300,821.05,821.1,820.0,820.3,17876
2025-11-20 11:05:00+05:30,1763616600,820.3,821.45,820.2,821.2,7536
2025-11-20 11:10:00+05:30,1763616900,821.3,822.7,820.0,822.05,31425
2025-11-20 11:15:00+05:30,1763617200,822.25,822.8,822.0,822.4,10025
2025-11-20 11:20:00+05:30,1763617500,822.35,823.4,822.0,823.0,25839
2025-11-20 11:25:00+05:30,1763617800,823.05,824.75,822.75,824.6,45608
2025-11-20 11:30:00+05:30,1763618100,824.6,824.75,823.3,823.9,25815
2025-11-20 11:35:00+05:30,1763618400,823.9,825.5,823.45,825.0,61858
2025-11-20 11:40:00+05:30,1763618700,825.1,825.2,823.4,823.4,68706
2025-11-20 11:45:00+05:30,1763619000,823.7,823.75,821.75,822.65,25988
2025-11-20 11:50:00+05:30,1763619300,822.65,822.95,821.35,821.6,23476
2025-11-20 11:55:00+05:30,1763619600,821.7,822.0,820.7,820.9,22977
2025-11-20 12:00:00+05:30,1763619900,821.0,822.9,820.9,822.5,35452
2025-11-20 12:05:00+05:30,1763620200,822.65,822.75,821.5,822.25,44468
2025-11-20 12:10:00+05:30,1763620500,822.25,822.25,821.6,821.95,12490
2025-11-20 12:15:00+05:30,1763620800,822.0,822.15,821.7,821.8,13351
2025-11-20 12:20:00+05:30,1763621100,821.9,821.9,821.1,821.1,19968
2025-11-20 12:25:00+05:30,1763621400,821.1,821.8,820.55,821.0,20569
2025-11-20 12:30:00+05:30,1763621700,821.05,821.65,820.55,820.65,23823
2025-11-20 12:35:00+05:30,1763622000,820.9,821.0,820.5,820.8,14514
2025-11-20 12:40:00+05:30,1763622300,820.95,821.35,820.5,820.95,25348
2025-11-20 12:45:00+05:30,1763622600,821.0,821.0,820.4,820.45,12388
2025-11-20 12:50:00+05:30,1763622900,820.2,820.8,820.15,820.75,14705
2025-11-20 12:55:00+05:30,1763623200,820.8,821.4,820.75,821.0,33512
2025-11-20 13:00:00+05:30,1763623500,821.0,821.05,820.25,820.65,13256
2025-11-20 13:05:00+05:30,1763623800,820.65,820.65,820.1,820.3,13113
2025-11-20 13:10:00+05:30,1763624100,820.4,820.8,819.25,819.5,26601
2025-11-20 13:15:00+05:30,1763624400,819.55,819.95,819.0,819.9,18144
2025-11-20 13:20:00+05:30,1763624700,819.95,820.05,819.15,819.85,21030
2025-11-20 13:25:00+05:30,1763625000,819.85,819.85,819.0,819.4,18045
2025-11-20 13:30:00+05:30,1763625300,819.4,821.4,819.1,821.35,38437
2025-11-20 13:35:00+05:30,1763625600,821.35,821.95,820.55,820.95,39744
2025-11-20 13:40:00+05:30,1763625900,820.95,821.4,820.35,821.4,18726
2025-11-20 13:45:00+05:30,1763626200,821.3,822.0,820.85,820.95,39850
2025-11-20 13:50:00+05:30,1763626500,820.9,821.3,820.35,820.85,24976
2025-11-20 13:55:00+05:30,1763626800,820.85,822.25,820.45,822.0,21987
2025-11-20 14:00:00+05:30,1763627100,822.0,822.05,820.9,821.65,11184
2025-11-20 14:05:00+05:30,1763627400,821.6,822.1,821.2,821.9,14310
2025-11-20 14:10:00+05:30,1763627700,821.8,821.9,820.5,821.15,13130
2025-11-20 14:15:00+05:30,1763628000,821.15,821.6,821.0,821.05,24339
2025-11-20 14:20:00+05:30,1763628300,821.25,822.8,821.05,822.45,77922
2025-11-20 14:25:00+05:30,1763628600,822.45,825.35,822.2,825.3,237918
2025-11-20 14:30:00+05:30,1763628900,825.3,826.4,824.1,824.15,118829
2025-11-20 14:35:00+05:30,1763629200,824.05,826.2,824.0,825.5,86495
2025-11-20 14:40:00+05:30,1763629500,825.55,826.4,825.4,825.5,54325
2025-11-20 14:45:00+05:30,1763629800,825.55,825.85,824.0,824.0,43695
2025-11-20 14:50:00+05:30,1763630100,824.15,825.6,824.0,825.25,62461
2025-11-20 14:55:00+05:30,1763630400,825.2,826.4,824.7,826.05,83862
2025-11-20 15:00:00+05:30,1763630700,826.05,828.7,826.0,828.3,103821
2025-11-20 15:05:00+05:30,1763631000,828.0,828.05,825.85,826.4,144156
2025-11-20 15:10:00+05:30,1763631300,826.15,827.15,825.9,826.35,91970
2025-11-20 15:15:00+05:30,1763631600,826.3,827.5,826.25,826.9,89677
2025-11-20 15:20:00+05:30,1763631900,826.9,827.5,826.3,826.7,108362
2025-11-20 15:25:00+05:30,1763632200,826.55,826.7,825.6,826.0,108723
2025-11-20 15:30:00+05:30,1763632500,825.95,826.75,824.35,824.65,82549
2025-11-21 09:20:00+05:30,1763696700,825.0,825.0,810.6,813.15,317241
2025-11-21 09:25:00+05:30,1763697000,813.0,815.0,811.15,814.0,120138
2025-11-21 09:30:00+05:30,1763697300,814.0,818.7,813.2,817.85,91364
2025-11-21 09:35:00+05:30,1763697600,817.9,818.9,816.55,817.85,70426
2025-11-21 09:40:00+05:30,1763697900,817.9,819.9,817.1,819.65,61793
2025-11-21 09:45:00+05:30,1763698200,819.6,821.6,818.75,820.75,158940
2025-11-21 09:50:00+05:30,1763698500,820.5,820.5,818.55,818.6,60849
2025-11-21 09:55:00+05:30,1763698800,818.85,820.1,818.45,819.25,22675
2025-11-21 10:00:00+05:30,1763699100,819.4,819.4,817.0,817.8,27078
2025-11-21 10:05:00+05:30,1763699400,817.8,818.35,816.4,817.5,29562
2025-11-21 10:10:00+05:30,1763699700,817.5,819.8,816.85,819.15,35040
2025-11-21 10:15:00+05:30,1763700000,819.15,819.95,817.5,818.4,40695
2025-11-21 10:20:00+05:30,1763700300,818.45,819.3,818.0,818.65,7364
2025-11-21 10:25:00+05:30,1763700600,818.55,819.5,818.25,819.0,14287
2025-11-21 10:30:00+05:30,1763700900,819.05,819.95,819.0,819.8,9074
2025-11-21 10:35:00+05:30,1763701200,819.8,820.0,818.85,819.5,9711
2025-11-21 10:40:00+05:30,1763701500,819.5,821.5,819.0,821.0,42198
2025-11-21 10:45:00+05:30,1763701800,820.95,821.25,818.2,818.55,53283
2025-11-21 10:50:00+05:30,1763702100,818.7,818.95,817.1,817.4,18579
2025-11-21 10:55:00+05:30,1763702400,817.8,818.5,817.35,817.65,10505
2025-11-21 11:00:00+05:30,1763702700,817.65,819.2,817.15,818.0,25325
2025-11-21 11:05:00+05:30,1763703000,818.0,821.15,818.0,821.0,127978
2025-11-21 11:10:00+05:30,1763703300,821.0,821.05,819.0,819.1,31785
2025-11-21 11:15:00+05:30,1763703600,819.25,820.45,818.6,820.4,8639
2025-11-21 11:20:00+05:30,1763703900,820.9,821.95,820.15,821.55,18843
2025-11-21 11:25:00+05:30,1763704200,821.55,822.65,821.5,822.05,33218
2025-11-21 11:30:00+05:30,1763704500,822.05,822.5,821.5,822.15,24582
2025-11-21 11:35:00+05:30,1763704800,822.15,822.5,820.55,820.65,31217
2025-11-21 11:40:00+05:30,1763705100,820.65,821.25,820.65,820.9,3993
2025-11-21 11:45:00+05:30,1763705400,821.25,822.5,820.85,822.2,11758
2025-11-21 11:50:00+05:30,1763705700,822.45,822.45,821.1,821.4,11296
2025-11-21 11:55:00+05:30,1763706000,821.35,822.5,821.1,822.25,13393
2025-11-21 12:00:00+05:30,1763706300,822.45,822.45,821.0,821.45,12937
2025-11-21 12:05:00+05:30,1763706600,821.6,824.3,821.1,824.25,52394
2025-11-21 12:10:00+05:30,1763706900,824.25,824.7,823.2,823.6,32259
2025-11-21 12:15:00+05:30,1763707200,823.7,823.95,822.8,823.9,18626
2025-11-21 12:20:00+05:30,1763707500,823.9,824.85,823.0,824.55,47808
2025-11-21 12:25:00+05:30,1763707800,824.85,826.4,824.3,825.45,41254
2025-11-21 12:30:00+05:30,1763708100,825.45,825.85,824.25,824.8,17577
2025-11-21 12:35:00+05:30,1763708400,824.85,825.0,824.1,824.5,24938
2025-11-21 12:40:00+05:30,1763708700,824.5,824.5,823.65,823.7,10647
2025-11-21 12:45:00+05:30,1763709000,823.95,824.45,823.55,824.0,9724
2025-11-21 12:50:00+05:30,1763709300,824.0,824.6,823.75,824.05,8740
2025-11-21 12:55:00+05:30,1763709600,824.05,825.0,824.0,824.5,15119
2025-11-21 13:00:00+05:30,1763709900,824.5,825.45,824.0,825.05,13933
2025-11-21 13:05:00+05:30,1763710200,825.1,827.0,825.0,826.4,80485
2025-11-21 13:10:00+05:30,1763710500,826.4,827.0,825.75,827.0,29671
2025-11-21 13:15:00+05:30,1763710800,827.0,827.0,825.2,825.45,17543
2025-11-21 13:20:00+05:30,1763711100,825.45,826.85,825.35,826.3,14805
2025-11-21 13:25:00+05:30,1763711400,826.4,826.6,824.45,824.8,15992
2025-11-21 13:30:00+05:30,1763711700,824.95,825.85,823.75,825.6,28993
2025-11-21 13:35:00+05:30,1763712000,825.6,825.85,825.0,825.5,14481
2025-11-21 13:40:00+05:30,1763712300,825.8,826.0,825.1,825.9,14730
2025-11-21 13:45:00+05:30,1763712600,825.9,825.95,824.7,825.05,12855
2025-11-21 13:50:00+05:30,1763712900,825.15,825.4,824.4,825.15,11775
2025-11-21 13:55:00+05:30,1763713200,825.15,825.95,824.7,825.95,10807
2025-11-21 14:00:00+05:30,1763713500,825.95,827.45,825.45,827.45,53107
2025-11-21 14:05:00+05:30,1763713800,827.45,828.0,827.25,828.0,29529
2025-11-21 14:10:00+05:30,1763714100,828.0,831.75,827.95,831.3,110165
2025-11-21 14:15:00+05:30,1763714400,831.55,832.0,829.45,830.35,80241
2025-11-21 14:20:00+05:30,1763714700,830.35,830.35,828.3,828.3,81623
2025-11-21 14:25:00+05:30,1763715000,828.45,829.35,828.05,828.25,37131
2025-11-21 14:30:00+05:30,1763715300,828.2,829.25,828.1,828.7,26856
2025-11-21 14:35:00+05:30,1763715600,828.7,829.15,828.2,828.35,22891
2025-11-21 14:40:00+05:30,1763715900,828.65,829.5,828.1,828.5,33072
2025-11-21 14:45:00+05:30,1763716200,828.45,828.5,826.2,826.55,54510
2025-11-21 14:50:00+05:30,1763716500,826.2,827.6,826.15,826.35,47419
2025-11-21 14:55:00+05:30,1763716800,826.45,826.7,823.35,823.55,140252
2025-11-21 15:00:00+05:30,1763717100,823.4,824.3,823.1,823.5,87356
2025-11-21 15:05:00+05:30,1763717400,823.35,824.0,823.0,823.15,138960
2025-11-21 15:10:00+05:30,1763717700,823.0,823.5,822.2,823.3,117009
2025-11-21 15:15:00+05:30,1763718000,823.35,823.95,820.65,821.75,186829
2025-11-21 15:20:00+05:30,1763718300,821.95,824.4,821.1,824.25,153330
2025-11-21 15:25:00+05:30,1763718600,824.25,825.15,822.05,822.7,158430
2025-11-21 15:30:00+05:30,1763718900,822.7,825.55,822.0,822.15,166239
2025-11-24 09:20:00+05:30,1763955900,825.0,829.0,821.1,828.0,292064
2025-11-24 09:25:00+05:30,1763956200,828.0,830.75,827.25,827.3,143775
2025-11-24 09:30:00+05:30,1763956500,827.3,829.5,827.3,828.9,82467
2025-11-24 09:35:00+05:30,1763956800,828.9,828.95,826.4,828.0,47205
2025-11-24 09:40:00+05:30,1763957100,828.0,828.0,826.7,826.75,27399
2025-11-24 09:45:00+05:30,1763957400,827.2,828.3,826.85,827.0,37326
2025-11-24 09:50:00+05:30,1763957700,827.3,832.4,826.6,832.05,142695
2025-11-24 09:55:00+05:30,1763958000,832.0,833.85,832.0,833.65,104897
2025-11-24 10:00:00+05:30,1763958300,833.6,833.85,830.2,830.5,89400
2025-11-24 10:05:00+05:30,1763958600,830.5,832.5,830.2,831.75,40090
2025-11-24 10:10:00+05:30,1763958900,831.75,833.0,831.55,832.25,34642
2025-11-24 10:15:00+05:30,1763959200,832.3,834.85,832.3,834.8,56377
2025-11-24 10:20:00+05:30,1763959500,834.85,838.0,834.8,837.45,341657
2025-11-24 10:25:00+05:30,1763959800,837.45,839.0,836.45,838.2,174718
2025-11-24 10:30:00+05:30,1763960100,838.2,839.5,837.25,838.9,95443
2025-11-24 10:35:00+05:30,1763960400,838.95,839.0,837.5,838.4,97509
2025-11-24 10:40:00+05:30,1763960700,838.35,839.5,838.0,838.05,73942
2025-11-24 10:45:00+05:30,1763961000,838.1,838.9,837.65,838.9,62136
2025-11-24 10:50:00+05:30,1763961300,838.7,839.2,836.95,838.05,84571
2025-11-24 10:55:00+05:30,1763961600,837.9,838.05,834.3,835.35,108109
2025-11-24 11:00:00+05:30,1763961900,835.35,835.5,833.65,834.3,81686
2025-11-24 11:05:00+05:30,1763962200,834.25,834.3,833.0,833.2,75219
2025-11-24 11:10:00+05:30,1763962500,833.0,833.85,832.55,832.95,75825
2025-11-24 11:15:00+05:30,1763962800,832.95,833.25,831.7,831.75,55477
2025-11-24 11:20:00+05:30,1763963100,831.7,832.8,831.6,832.2,42986
2025-11-24 11:25:00+05:30,1763963400,832.25,833.0,831.55,831.6,48931
2025-11-24 11:30:00+05:30,1763963700,831.65,834.35,831.65,834.0,69810
2025-11-24 11:35:00+05:30,1763964000,834.0,835.7,833.85,835.4,68755
2025-11-24 11:40:00+05:30,1763964300,835.25,835.4,833.95,834.3,64058
2025-11-24 11:45:00+05:30,1763964600,834.25,834.7,833.2,834.6,42589
2025-11-24 11:50:00+05:30,1763964900,834.5,834.65,833.05,833.55,43137
2025-11-24 11:55:00+05:30,1763965200,833.6,833.8,831.15,831.5,44206
2025-11-24 12:00:00+05:30,1763965500,831.8,832.05,831.45,831.95,38851
2025-11-24 12:05:00+05:30,1763965800,832.0,832.4,830.35,830.95,61678
2025-11-24 12:10:00+05:30,1763966100,830.95,831.15,830.0,830.55,40748
2025-11-24 12:15:00+05:30,1763966400,830.6,831.6,830.4,831.1,43590
2025-11-24 12:20:00+05:30,1763966700,831.15,832.15,830.75,831.65,40040
2025-11-24 12:25:00+05:30,1763967000,831.7,832.5,831.7,832.0,38549
2025-11-24 12:30:00+05:30,1763967300,832.0,832.15,829.5,830.0,132229
2025-11-24 12:35:00+05:30,1763967600,830.0,830.0,828.0,829.3,96323
2025-11-24 12:40:00+05:30,1763967900,828.85,829.5,828.15,829.0,115401
2025-11-24 12:45:00+05:30,1763968200,829.0,829.0,828.1,828.5,57043
2025-11-24 12:50:00+05:30,1763968500,828.5,829.0,828.05,828.5,56054
2025-11-24 12:55:00+05:30,1763968800,828.4,828.9,828.15,828.4,37378
2025-11-24 13:00:00+05:30,1763969100,828.15,828.5,827.45,828.5,82515
2025-11-24 13:05:00+05:30,1763969400,828.45,828.55,827.7,828.5,73820
2025-11-24 13:10:00+05:30,1763969700,828.5,828.85,828.1,828.5,48051
2025-11-24 13:15:00+05:30,1763970000,828.4,828.5,827.6,828.4,64161
2025-11-24 13:20:00+05:30,1763970300,828.5,829.5,828.4,829.45,65294
2025-11-24 13:25:00+05:30,1763970600,829.35,829.5,828.4,828.5,42015
2025-11-24 13:30:00+05:30,1763970900,828.3,829.0,828.05,829.0,48263
2025-11-24 13:35:00+05:30,1763971200,828.95,829.05,828.15,828.85,35580
2025-11-24 13:40:00+05:30,1763971500,828.8,829.0,828.1,828.5,44407
2025-11-24 13:45:00+05:30,1763971800,828.5,829.0,827.65,828.7,75965
2025-11-24 13:50:00+05:30,1763972100,829.1,829.1,827.8,828.95,448546
2025-11-24 13:55:00+05:30,1763972400,828.95,831.75,828.55,830.7,82848
2025-11-24 14:00:00+05:30,1763972700,830.7,831.3,830.05,830.75,30328
2025-11-24 14:05:00+05:30,1763973000,830.7,830.95,830.0,830.4,30320
2025-11-24 14:10:00+05:30,1763973300,830.4,830.95,830.0,830.4,29118
2025-11-24 14:15:00+05:30,1763973600,830.2,830.95,830.0,830.9,32743
2025-11-24 14:20:00+05:30,1763973900,830.9,830.9,830.05,830.5,29903
2025-11-24 14:25:00+05:30,1763974200,830.3,830.65,828.5,829.0,38880
2025-11-24 14:30:00+05:30,1763974500,829.05,830.0,828.75,828.9,30133
2025-11-24 14:35:00+05:30,1763974800,828.6,829.0,828.3,828.5,29319
2025-11-24 14:40:00+05:30,1763975100,828.75,828.9,828.15,828.9,37777
2025-11-24 14:45:00+05:30,1763975400,828.9,829.6,828.75,829.1,43632
2025-11-24 14:50:00+05:30,1763975700,829.25,829.7,828.5,828.75,37417
2025-11-24 14:55:00+05:30,1763976000,828.9,829.25,827.85,827.95,34582
2025-11-24 15:00:00+05:30,1763976300,828.4,828.45,826.0,826.85,201374
2025-11-24 15:05:00+05:30,1763976600,826.6,828.9,826.1,827.25,481973
2025-11-24 15:10:00+05:30,1763976900,827.25,828.9,827.0,828.25,452816
2025-11-24 15:15:00+05:30,1763977200,828.25,829.2,828.1,829.1,518683
2025-11-24 15:20:00+05:30,1763977500,829.3,829.4,828.7,828.9,535992
2025-11-24 15:25:00+05:30,1763977800,828.9,828.9,828.25,828.25,453630
2025-11-24 15:30:00+05:30,1763978100,828.25,828.5,826.75,827.0,357975
2025-11-25 09:20:00+05:30,1764042300,828.2,837.75,827.2,836.9,179965
2025-11-25 09:25:00+05:30,1764042600,836.4,836.75,833.2,833.95,96408
2025-11-25 09:30:00+05:30,1764042900,834.0,834.05,830.2,830.95,82518
2025-11-25 09:35:00+05:30,1764043200,831.0,833.1,830.95,832.3,31797
2025-11-25 09:40:00+05:30,1764043500,832.25,832.6,829.0,829.45,51610
2025-11-25 09:45:00+05:30,1764043800,829.65,830.2,829.15,829.8,26929
2025-11-25 09:50:00+05:30,1764044100,829.85,831.35,829.45,831.35,21043
2025-11-25 09:55:00+05:30,1764044400,831.25,832.8,831.0,831.85,20720
2025-11-25 10:00:00+05:30,1764044700,831.95,832.75,831.15,832.35,24332
2025-11-25 10:05:00+05:30,1764045000,832.25,832.75,831.8,831.8,182776
2025-11-25 10:10:00+05:30,1764045300,831.75,833.0,831.75,833.0,21309
2025-11-25 10:15:00+05:30,1764045600,833.0,835.1,832.65,834.0,95178
2025-11-25 10:20:00+05:30,1764045900,834.0,835.0,833.4,834.5,35852
2025-11-25 10:25:00+05:30,1764046200,834.3,835.3,834.0,834.9,58840
2025-11-25 10:30:00+05:30,1764046500,834.95,834.95,834.1,834.5,36367
2025-11-25 10:35:00+05:30,1764046800,834.55,835.6,834.5,835.15,47293
2025-11-25 10:40:00+05:30,1764047100,834.8,835.75,834.65,835.4,48693
2025-11-25 10:45:00+05:30,1764047400,835.5,835.95,834.6,834.6,29254
2025-11-25 10:50:00+05:30,1764047700,834.8,834.95,832.35,832.7,47682
2025-11-25 10:55:00+05:30,1764048000,832.7,834.5,832.55,833.85,52690
2025-11-25 11:00:00+05:30,1764048300,833.75,834.05,831.6,832.1,40962
2025-11-25 11:05:00+05:30,1764048600,832.0,833.8,832.0,833.8,17222
2025-11-25 11:10:00+05:30,1764048900,833.6,834.65,833.1,833.55,35883
2025-11-25 11:15:00+05:30,1764049200,833.6,834.65,832.95,834.65,18899
2025-11-25 11:20:00+05:30,1764049500,834.8,835.5,834.4,834.75,26546
2025-11-25 11:25:00+05:30,1764049800,834.75,835.15,834.5,834.8,14601
2025-11-25 11:30:00+05:30,1764050100,834.8,835.25,834.8,835.2,28154
2025-11-25 11:35:00+05:30,1764050400,835.0,835.25,834.7,834.95,21906
2025-11-25 11:40:00+05:30,1764050700,835.0,835.3,834.8,835.0,23086
2025-11-25 11:45:00+05:30,1764051000,835.0,835.3,834.1,834.45,19750
2025-11-25 11:50:00+05:30,1764051300,834.75,835.2,834.1,835.2,15668
2025-11-25 11:55:00+05:30,1764051600,835.0,835.2,834.15,835.1,24385
2025-11-25 12:00:00+05:30,1764051900,835.0,835.35,834.65,835.0,24725
2025-11-25 12:05:00+05:30,1764052200,835.0,835.35,834.85,835.2,24453
2025-11-25 12:10:00+05:30,1764052500,835.0,835.2,834.75,835.2,20336
2025-11-25 12:15:00+05:30,1764052800,835.0,835.3,834.55,835.0,33047
2025-11-25 12:20:00+05:30,1764053100,835.0,835.2,834.25,834.8,20302
2025-11-25 12:25:00+05:30,1764053400,834.65,835.0,834.25,834.8,24740
2025-11-25 12:30:00+05:30,1764053700,834.8,835.0,833.9,835.0,44704
2025-11-25 12:35:00+05:30,1764054000,835.0,835.25,834.9,835.0,21262
2025-11-25 12:40:00+05:30,1764054300,834.95,835.25,834.7,835.2,23911
2025-11-25 12:45:00+05:30,1764054600,835.0,835.65,834.9,835.15,217339
2025-11-25 12:50:00+05:30,1764054900,835.0,837.25,834.95,836.65,203073
2025-11-25 12:55:00+05:30,1764055200,836.7,837.45,835.3,836.1,53561
2025-11-25 13:00:00+05:30,1764055500,835.95,836.15,834.4,835.15,43857
2025-11-25 13:05:00+05:30,1764055800,835.65,836.25,834.4,834.95,44708
2025-11-25 13:10:00+05:30,1764056100,835.0,836.45,834.95,836.2,33223
2025-11-25 13:15:00+05:30,1764056400,836.0,836.35,835.25,836.2,37058
2025-11-25 13:20:00+05:30,1764056700,835.95,836.1,835.0,835.65,40164
2025-11-25 13:25:00+05:30,1764057000,835.6,836.05,834.25,835.8,48536
2025-11-25 13:30:00+05:30,1764057300,835.8,836.25,835.65,836.2,34151
2025-11-25 13:35:00+05:30,1764057600,835.95,837.6,835.75,837.5,71844
2025-11-25 13:40:00+05:30,1764057900,837.3,837.6,836.35,836.85,48559
2025-11-25 13:45:00+05:30,1764058200,836.9,837.35,836.4,836.85,31792
2025-11-25 13:50:00+05:30,1764058500,836.2,837.25,836.2,837.15,49026
2025-11-25 13:55:00+05:30,1764058800,837.25,837.75,837.0,837.75,94394
2025-11-25 14:00:00+05:30,1764059100,837.5,839.9,837.45,838.85,162908
2025-11-25 14:05:00+05:30,1764059400,838.6,840.0,837.15,838.0,179764
2025-11-25 14:10:00+05:30,1764059700,837.95,838.45,837.5,838.45,52779
2025-11-25 14:15:00+05:30,1764060000,838.45,839.05,838.0,839.05,51622
2025-11-25 14:20:00+05:30,1764060300,839.05,840.55,838.95,839.5,128843
2025-11-25 14:25:00+05:30,1764060600,839.5,839.7,838.0,838.35,68580
2025-11-25 14:30:00+05:30,1764060900,838.35,839.2,838.1,838.65,45869
2025-11-25 14:35:00+05:30,1764061200,838.4,838.4,836.1,837.7,102273
2025-11-25 14:40:00+05:30,1764061500,837.7,838.0,835.45,836.35,59972
2025-11-25 14:45:00+05:30,1764061800,836.55,836.9,835.75,836.4,93151
2025-11-25 14:50:00+05:30,1764062100,836.4,837.65,836.2,837.55,100689
2025-11-25 14:55:00+05:30,1764062400,837.6,837.7,836.4,836.5,95681
2025-11-25 15:00:00+05:30,1764062700,836.55,837.45,836.05,836.4,122050
2025-11-25 15:05:00+05:30,1764063000,836.3,836.6,834.9,835.15,232911
2025-11-25 15:10:00+05:30,1764063300,835.15,836.95,834.7,836.9,160038
2025-11-25 15:15:00+05:30,1764063600,836.9,838.75,836.9,838.35,236097
2025-11-25 15:20:00+05:30,1764063900,838.4,840.2,838.1,839.35,331178
2025-11-25 15:25:00+05:30,1764064200,839.3,841.85,839.3,840.1,280845
2025-11-25 15:30:00+05:30,1764064500,840.1,840.1,836.15,838.6,136428
2025-11-26 09:20:00+05:30,1764128700,841.95,844.4,838.3,841.2,375000
2025-11-26 09:25:00+05:30,1764129000,841.0,850.0,840.55,846.45,297525
2025-11-26 09:30:00+05:30,1764129300,846.45,846.45,843.0,844.25,213207
2025-11-26 09:35:00+05:30,1764129600,844.15,844.15,842.2,842.65,94132
2025-11-26 09:40:00+05:30,1764129900,842.5,843.5,840.55,843.3,88382
2025-11-26 09:45:00+05:30,1764130200,843.55,846.8,842.7,846.75,206613
2025-11-26 09:50:00+05:30,1764130500,846.65,847.8,846.0,847.65,139101
2025-11-26 09:55:00+05:30,1764130800,847.3,849.15,846.7,847.15,129566
2025-11-26 10:00:00+05:30,1764131100,847.0,847.75,845.6,846.9,71782
2025-11-26 10:05:00+05:30,1764131400,847.05,847.85,846.25,846.65,34021
2025-11-26 10:10:00+05:30,1764131700,846.6,847.35,846.35,847.35,38290
2025-11-26 10:15:00+05:30,1764132000,847.3,847.3,846.45,846.8,23939
2025-11-26 10:20:00+05:30,1764132300,846.7,847.75,846.15,847.7,90465
2025-11-26 10:25:00+05:30,1764132600,847.75,847.8,847.35,847.65,17776
2025-11-26 10:30:00+05:30,1764132900,847.65,848.2,847.05,848.0,60559
2025-11-26 10:35:00+05:30,1764133200,847.9,849.0,847.7,847.9,77360
2025-11-26 10:40:00+05:30,1764133500,847.9,850.9,847.6,849.95,113584
2025-11-26 10:45:00+05:30,1764133800,850.15,852.0,848.9,851.85,84026
2025-11-26 10:50:00+05:30,1764134100,851.95,854.7,851.65,853.8,111264
2025-11-26 10:55:00+05:30,1764134400,853.8,853.85,851.7,852.4,54933
2025-11-26 11:00:00+05:30,1764134700,852.5,852.85,851.05,852.55,52579
2025-11-26 11:05:00+05:30,1764135000,852.75,855.5,852.75,855.45,83374
2025-11-26 11:10:00+05:30,1764135300,855.15,856.45,854.1,854.6,92798
2025-11-26 11:15:00+05:30,1764135600,854.6,855.0,854.1,854.5,50920
2025-11-26 11:20:00+05:30,1764135900,854.5,854.8,852.35,853.65,83581
2025-11-26 11:25:00+05:30,1764136200,853.95,854.1,852.8,853.95,69095
2025-11-26 11:30:00+05:30,1764136500,854.05,854.5,850.6,850.8,68106
2025-11-26 11:35:00+05:30,1764136800,850.9,851.65,850.0,851.1,58209
2025-11-26 11:40:00+05:30,1764137100,851.1,851.7,850.6,850.8,31425
2025-11-26 11:45:00+05:30,1764137400,850.8,851.0,849.3,849.7,57021
2025-11-26 11:50:00+05:30,1764137700,850.05,851.6,849.7,851.3,41962
2025-11-26 11:55:00+05:30,1764138000,851.3,852.0,850.8,852.0,31265
2025-11-26 12:00:00+05:30,1764138300,852.0,852.55,851.7,851.9,40388
2025-11-26 12:05:00+05:30,1764138600,851.85,852.2,851.3,852.0,29264
2025-11-26 12:10:00+05:30,1764138900,852.0,852.9,851.95,852.65,110262
2025-11-26 12:15:00+05:30,1764139200,852.65,854.5,852.65,852.95,105648
2025-11-26 12:20:00+05:30,1764139500,853.0,854.6,852.5,853.6,79185
2025-11-26 12:25:00+05:30,1764139800,853.65,854.3,853.4,853.75,48283
2025-11-26 12:30:00+05:30,1764140100,853.75,854.05,852.9,852.95,69219
2025-11-26 12:35:00+05:30,1764140400,853.0,853.2,850.15,850.6,81341
2025-11-26 12:40:00+05:30,1764140700,850.75,851.75,850.3,850.9,44202
2025-11-26 12:45:00+05:30,1764141000,850.85,851.35,850.7,851.0,24877
2025-11-26 12:50:00+05:30,1764141300,851.15,851.95,850.65,851.9,58766
2025-11-26 12:55:00+05:30,1764141600,851.95,853.05,851.9,852.65,62580
2025-11-26 13:00:00+05:30,1764141900,852.7,853.6,852.3,853.5,44698
2025-11-26 13:05:00+05:30,1764142200,853.55,853.8,852.65,853.55,57063
2025-11-26 13:10:00+05:30,1764142500,853.55,854.1,853.35,853.9,39743
2025-11-26 13:15:00+05:30,1764142800,853.95,854.05,852.8,853.5,60570
2025-11-26 13:20:00+05:30,1764143100,853.55,853.75,852.2,852.6,58344
2025-11-26 13:25:00+05:30,1764143400,852.6,853.75,852.6,853.45,71824
2025-11-26 13:30:00+05:30,1764143700,853.45,853.45,852.0,852.65,54549
2025-11-26 13:35:00+05:30,1764144000,852.65,853.3,852.25,853.1,46036
2025-11-26 13:40:00+05:30,1764144300,853.15,853.4,852.3,852.9,52334
2025-11-26 13:45:00+05:30,1764144600,852.9,855.4,852.65,855.25,73613
2025-11-26 13:50:00+05:30,1764144900,855.4,855.65,854.8,855.1,78183
2025-11-26 13:55:00+05:30,1764145200,855.05,855.25,854.9,855.0,58286
2025-11-26 14:00:00+05:30,1764145500,855.1,856.0,854.85,855.9,57462
2025-11-26 14:05:00+05:30,1764145800,856.0,856.3,855.05,855.55,95808
2025-11-26 14:10:00+05:30,1764146100,855.65,857.7,855.4,857.6,184719
2025-11-26 14:15:00+05:30,1764146400,857.75,858.85,856.3,857.25,172739
2025-11-26 14:20:00+05:30,1764146700,857.25,857.95,856.65,856.85,48282
2025-11-26 14:25:00+05:30,1764147000,856.85,857.65,856.55,857.35,48613
2025-11-26 14:30:00+05:30,1764147300,857.25,857.7,856.8,856.85,89632
2025-11-26 14:35:00+05:30,1764147600,856.85,857.4,856.0,857.0,82041
2025-11-26 14:40:00+05:30,1764147900,856.9,857.1,854.5,855.65,101204
2025-11-26 14:45:00+05:30,1764148200,855.65,856.85,855.15,855.95,133904
2025-11-26 14:50:00+05:30,1764148500,856.05,856.45,855.0,855.4,81161
2025-11-26 14:55:00+05:30,1764148800,855.45,855.9,854.65,855.8,108202
2025-11-26 15:00:00+05:30,1764149100,855.8,856.6,855.5,856.05,92210
2025-11-26 15:05:00+05:30,1764149400,856.0,858.2,856.0,857.05,320630
2025-11-26 15:10:00+05:30,1764149700,857.05,858.1,856.15,857.25,168152
2025-11-26 15:15:00+05:30,1764150000,857.25,857.95,856.5,857.9,134405
2025-11-26 15:20:00+05:30,1764150300,857.75,857.75,855.5,856.15,213853
2025-11-26 15:25:00+05:30,1764150600,856.2,856.6,855.1,855.85,209069
2025-11-26 15:30:00+05:30,1764150900,855.8,857.45,853.0,853.5,207448
2025-11-27 09:20:00+05:30,1764215100,860.0,862.8,857.25,860.2,342955
2025-11-27 09:25:00+05:30,1764215400,860.2,861.5,859.25,860.85,170207
2025-11-27 09:30:00+05:30,1764215700,860.85,862.0,859.65,860.9,128992
2025-11-27 09:35:00+05:30,1764216000,860.85,861.6,860.0,860.9,79370
2025-11-27 09:40:00+05:30,1764216300,861.0,865.5,860.0,864.9,238627
2025-11-27 09:45:00+05:30,1764216600,864.85,866.0,864.5,864.65,162821
2025-11-27 09:50:00+05:30,1764216900,864.85,866.3,864.5,865.5,204585
2025-11-27 09:55:00+05:30,1764217200,865.5,868.9,865.0,866.2,193400
2025-11-27 10:00:00+05:30,1764217500,866.35,867.4,864.95,865.85,77655
2025-11-27 10:05:00+05:30,1764217800,865.85,866.25,864.8,865.4,160980
2025-11-27 10:10:00+05:30,1764218100,865.45,868.0,865.4,866.3,64571
2025-11-27 10:15:00+05:30,1764218400,866.3,866.6,865.2,866.35,54235
2025-11-27 10:20:00+05:30,1764218700,866.35,866.8,865.95,866.25,35343
2025-11-27 10:25:00+05:30,1764219000,866.25,867.5,865.2,866.5,107523
2025-11-27 10:30:00+05:30,1764219300,866.55,866.7,865.65,866.05,47891
2025-11-27 10:35:00+05:30,1764219600,866.05,866.05,865.0,865.75,32908
2025-11-27 10:40:00+05:30,1764219900,865.75,868.0,865.55,867.85,118940
2025-11-27 10:45:00+05:30,1764220200,867.85,868.2,866.45,868.0,52559
2025-11-27 10:50:00+05:30,1764220500,867.95,868.7,867.05,867.45,61819
2025-11-27 10:55:00+05:30,1764220800,867.45,867.95,865.4,865.5,67583
2025-11-27 11:00:00+05:30,1764221100,865.4,865.6,864.45,865.05,194288
2025-11-27 11:05:00+05:30,1764221400,865.05,865.75,863.3,865.5,599849
2025-11-27 11:10:00+05:30,1764221700,865.5,865.7,864.0,865.15,63772
2025-11-27 11:15:00+05:30,1764222000,865.2,867.0,865.0,866.25,86954
2025-11-27 11:20:00+05:30,1764222300,866.25,867.45,865.95,866.5,54917
2025-11-27 11:25:00+05:30,1764222600,866.5,866.5,864.8,865.85,64699
2025-11-27 11:30:00+05:30,1764222900,865.85,866.25,865.0,865.0,45244
2025-11-27 11:35:00+05:30,1764223200,865.05,865.2,863.55,865.0,181237
2025-11-27 11:40:00+05:30,1764223500,865.1,865.45,864.55,865.05,46760
2025-11-27 11:45:00+05:30,1764223800,865.05,865.45,864.85,865.05,34307
2025-11-27 11:50:00+05:30,1764224100,865.1,866.0,864.7,865.5,143413
2025-11-27 11:55:00+05:30,1764224400,865.1,865.5,864.95,865.25,53837
2025-11-27 12:00:00+05:30,1764224700,865.25,866.85,864.95,866.7,41802
2025-11-27 12:05:00+05:30,1764225000,866.7,866.9,865.5,865.9,27409
2025-11-27 12:10:00+05:30,1764225300,865.9,866.2,865.0,865.65,36724
2025-11-27 12:15:00+05:30,1764225600,865.65,866.5,865.5,866.4,23491
2025-11-27 12:20:00+05:30,1764225900,866.4,866.4,865.3,866.1,23294
2025-11-27 12:25:00+05:30,1764226200,866.1,866.35,865.0,865.0,19601
2025-11-27 12:30:00+05:30,1764226500,865.0,865.9,865.0,865.7,45286
2025-11-27 12:35:00+05:30,1764226800,865.5,866.0,865.05,865.4,21802
2025-11-27 12:40:00+05:30,1764227100,865.4,866.35,865.1,865.85,23544
2025-11-27 12:45:00+05:30,1764227400,865.5,866.9,865.35,866.5,18555
2025-11-27 12:50:00+05:30,1764227700,866.5,867.65,866.0,866.0,53306
2025-11-27 12:55:00+05:30,1764228000,866.0,867.0,865.05,866.9,38381
2025-11-27 13:00:00+05:30,1764228300,866.75,867.25,866.45,866.7,20734
2025-11-27 13:05:00+05:30,1764228600,866.7,866.95,865.9,866.7,40031
2025-11-27 13:10:00+05:30,1764228900,866.65,866.95,866.2,866.55,16938
2025-11-27 13:15:00+05:30,1764229200,866.6,866.7,865.55,865.95,28159
2025-11-27 13:20:00+05:30,1764229500,865.9,866.1,865.7,865.95,21202
2025-11-27 13:25:00+05:30,1764229800,865.85,866.4,865.7,865.8,24158
2025-11-27 13:30:00+05:30,1764230100,865.85,866.2,865.8,866.0,22436
2025-11-27 13:35:00+05:30,1764230400,866.0,866.15,864.7,865.55,220018
2025-11-27 13:40:00+05:30,1764230700,865.55,865.75,864.85,865.05,26332
2025-11-27 13:45:00+05:30,1764231000,865.05,865.25,863.55,864.05,293045
2025-11-27 13:50:00+05:30,1764231300,864.05,865.2,863.85,864.3,49452
2025-11-27 13:55:00+05:30,1764231600,864.3,864.7,863.85,864.4,27585
2025-11-27 14:00:00+05:30,1764231900,864.4,865.9,864.2,865.6,78271
2025-11-27 14:05:00+05:30,1764232200,865.6,865.85,865.2,865.65,47934
2025-11-27 14:10:00+05:30,1764232500,865.6,866.3,865.35,865.6,67128
2025-11-27 14:15:00+05:30,1764232800,865.6,866.0,865.0,865.55,43079
2025-11-27 14:20:00+05:30,1764233100,865.65,866.0,865.05,865.7,38668
2025-11-27 14:25:00+05:30,1764233400,865.55,867.0,865.55,866.7,87975
2025-11-27 14:30:00+05:30,1764233700,866.7,868.5,866.35,868.1,84264
2025-11-27 14:35:00+05:30,1764234000,868.3,868.8,866.8,868.2,115491
2025-11-27 14:40:00+05:30,1764234300,868.25,868.25,866.5,867.05,67211
2025-11-27 14:45:00+05:30,1764234600,867.05,867.3,866.05,866.75,65138
2025-11-27 14:50:00+05:30,1764234900,866.8,867.2,866.2,866.3,37395
2025-11-27 14:55:00+05:30,1764235200,866.4,867.0,865.85,866.55,38595
2025-11-27 15:00:00+05:30,1764235500,866.55,867.6,865.8,867.25,119961
2025-11-27 15:05:00+05:30,1764235800,867.15,869.5,866.35,868.9,123676
2025-11-27 15:10:00+05:30,1764236100,868.85,868.95,866.45,867.3,127822
2025-11-27 15:15:00+05:30,1764236400,867.3,867.7,866.7,867.3,71323
2025-11-27 15:20:00+05:30,1764236700,867.25,868.15,866.9,867.25,148592
2025-11-27 15:25:00+05:30,1764237000,867.15,868.45,866.5,868.0,169300
2025-11-27 15:30:00+05:30,1764237300,868.0,868.15,866.0,867.95,66714
2025-11-28 09:20:00+05:30,1764301500,870.05,872.0,865.3,866.7,272323
2025-11-28 09:25:00+05:30,1764301800,866.6,869.35,866.35,866.75,100302
2025-11-28 09:30:00+05:30,1764302100,866.75,867.9,864.5,867.2,91943
2025-11-28 09:35:00+05:30,1764302400,867.2,868.45,866.0,867.6,46103
2025-11-28 09:40:00+05:30,1764302700,867.1,867.75,864.05,865.85,49036
2025-11-28 09:45:00+05:30,1764303000,866.0,867.5,865.5,866.4,56409
2025-11-28 09:50:00+05:30,1764303300,866.4,866.55,865.15,865.65,17747
2025-11-28 09:55:00+05:30,1764303600,865.85,867.5,865.25,867.3,13926
2025-11-28 10:00:00+05:30,1764303900,867.45,867.5,864.75,865.6,128690
2025-11-28 10:05:00+05:30,1764304200,865.7,867.6,865.65,866.1,78114
2025-11-28 10:10:00+05:30,1764304500,866.1,867.1,865.9,866.9,16180
2025-11-28 10:15:00+05:30,1764304800,866.9,867.4,866.7,867.0,23694
2025-11-28 10:20:00+05:30,1764305100,867.0,867.0,865.7,865.7,29104
2025-11-28 10:25:00+05:30,1764305400,865.7,866.05,865.0,865.6,26245
2025-11-28 10:30:00+05:30,1764305700,865.5,866.55,865.35,865.8,15826
2025-11-28 10:35:00+05:30,1764306000,865.8,866.2,865.6,866.1,13498
2025-11-28 10:40:00+05:30,1764306300,866.1,867.0,865.8,866.3,13631
2025-11-28 10:45:00+05:30,1764306600,866.45,866.75,865.8,866.2,14990
2025-11-28 10:50:00+05:30,1764306900,866.2,866.75,866.0,866.25,80937
2025-11-28 10:55:00+05:30,1764307200,866.25,866.25,865.85,866.0,12604
2025-11-28 11:00:00+05:30,1764307500,865.85,866.0,865.1,865.5,14727
2025-11-28 11:05:00+05:30,1764307800,865.5,865.5,862.6,862.8,281138
2025-11-28 11:10:00+05:30,1764308100,862.8,863.3,860.35,861.15,69391
2025-11-28 11:15:00+05:30,1764308400,861.1,861.3,859.9,860.0,62024
2025-11-28 11:20:00+05:30,1764308700,860.0,860.1,857.5,858.0,160405
2025-11-28 11:25:00+05:30,1764309000,857.95,858.5,855.55,857.1,190564
2025-11-28 11:30:00+05:30,1764309300,857.1,859.2,857.0,858.95,46399
2025-11-28 11:35:00+05:30,1764309600,858.95,858.95,856.75,857.15,62068
2025-11-28 11:40:00+05:30,1764309900,856.8,858.0,854.5,855.05,137757
2025-11-28 11:45:00+05:30,1764310200,855.2,856.0,854.6,855.6,40448
2025-11-28 11:50:00+05:30,1764310500,855.6,857.0,855.1,857.0,58773
2025-11-28 11:55:00+05:30,1764310800,857.5,857.7,856.35,856.75,109484
2025-11-28 12:00:00+05:30,1764311100,856.35,857.5,855.8,856.0,53910
2025-11-28 12:05:00+05:30,1764311400,856.0,856.3,855.7,856.15,22403
2025-11-28 12:10:00+05:30,1764311700,856.15,856.2,853.0,853.35,534268
2025-11-28 12:15:00+05:30,1764312000,853.25,854.1,852.6,854.0,54168
2025-11-28 12:20:00+05:30,1764312300,854.0,854.6,852.7,854.15,40932
2025-11-28 12:25:00+05:30,1764312600,854.6,856.75,853.75,856.2,69422
2025-11-28 12:30:00+05:30,1764312900,857.0,857.5,855.9,856.2,130940
2025-11-28 12:35:00+05:30,1764313200,855.85,856.2,855.0,855.35,41849
2025-11-28 12:40:00+05:30,1764313500,855.05,855.8,854.1,854.75,248865
2025-11-28 12:45:00+05:30,1764313800,854.7,855.15,853.3,854.1,392880
2025-11-28 12:50:00+05:30,1764314100,854.0,854.0,853.05,853.25,26377
2025-11-28 12:55:00+05:30,1764314400,853.25,854.05,852.3,853.2,77753
2025-11-28 13:00:00+05:30,1764314700,853.15,853.35,852.55,853.0,80877
2025-11-28 13:05:00+05:30,1764315000,853.0,853.25,852.1,852.65,26455
2025-11-28 13:10:00+05:30,1764315300,852.55,852.8,852.35,852.4,16056
2025-11-28 13:15:00+05:30,1764315600,852.4,852.45,852.0,852.3,32643
2025-11-28 13:20:00+05:30,1764315900,852.3,852.4,850.8,851.1,54396
2025-11-28 13:25:00+05:30,1764316200,851.1,851.35,850.4,851.15,99464
2025-11-28 13:30:00+05:30,1764316500,851.15,851.45,849.7,850.7,456405
2025-11-28 13:35:00+05:30,1764316800,850.45,851.0,849.5,850.5,29089
2025-11-28 13:40:00+05:30,1764317100,850.5,850.5,849.0,849.45,142314
2025-11-28 13:45:00+05:30,1764317400,849.05,850.0,849.05,849.85,59497
2025-11-28 13:50:00+05:30,1764317700,849.9,849.95,848.75,849.65,155239
2025-11-28 13:55:00+05:30,1764318000,849.7,850.3,849.5,850.0,41650
2025-11-28 14:00:00+05:30,1764318300,850.0,851.0,849.75,850.0,519423
2025-11-28 14:05:00+05:30,1764318600,850.05,855.75,850.05,852.6,283666
2025-11-28 14:10:00+05:30,1764318900,852.6,853.75,850.8,851.55,80837
2025-11-28 14:15:00+05:30,1764319200,851.5,851.6,850.05,851.1,62694
2025-11-28 14:20:00+05:30,1764319500,851.05,851.2,850.35,850.85,40011
2025-11-28 14:25:00+05:30,1764319800,850.9,850.95,850.2,850.6,38622
2025-11-28 14:30:00+05:30,1764320100,850.6,851.95,850.45,851.15,62066
2025-11-28 14:35:00+05:30,1764320400,851.1,852.4,850.7,851.4,56407
2025-11-28 14:40:00+05:30,1764320700,851.25,852.95,850.2,852.4,75534
2025-11-28 14:45:00+05:30,1764321000,852.4,853.35,851.7,852.35,72328
2025-11-28 14:50:00+05:30,1764321300,852.8,853.05,852.1,852.45,72559
2025-11-28 14:55:00+05:30,1764321600,852.35,852.9,851.5,851.7,66018
2025-11-28 15:00:00+05:30,1764321900,851.7,852.25,851.15,851.8,85302
2025-11-28 15:05:00+05:30,1764322200,851.8,852.5,851.0,852.5,149913
2025-11-28 15:10:00+05:30,1764322500,852.3,852.7,852.0,852.6,138188
2025-11-28 15:15:00+05:30,1764322800,852.55,853.1,852.0,852.05,193154
2025-11-28 15:20:00+05:30,1764323100,852.05,852.5,851.0,851.45,449623
2025-11-28 15:25:00+05:30,1764323400,851.3,851.75,849.75,850.15,303070
2025-11-28 15:30:00+05:30,1764323700,850.35,856.95,850.0,855.95,211917
